[0.000000] (-) TimerEvent: {}
[0.000485] (cw1q4) JobQueued: {'identifier': 'cw1q4', 'dependencies': OrderedDict()}
[0.000625] (cw1q4_interfaces) JobQueued: {'identifier': 'cw1q4_interfaces', 'dependencies': OrderedDict()}
[0.000675] (cw1q9) JobQueued: {'identifier': 'cw1q9', 'dependencies': OrderedDict()}
[0.000904] (open_manipulator_description) JobQueued: {'identifier': 'open_manipulator_description', 'dependencies': OrderedDict()}
[0.000959] (youbot_description) JobQueued: {'identifier': 'youbot_description', 'dependencies': OrderedDict()}
[0.000979] (youbot_simulator) JobQueued: {'identifier': 'youbot_simulator', 'dependencies': OrderedDict([('youbot_description', '/home/bizare/Desktop/Robotics_System/install/youbot_description')])}
[0.001016] (cw1q5) JobQueued: {'identifier': 'cw1q5', 'dependencies': OrderedDict([('youbot_description', '/home/bizare/Desktop/Robotics_System/install/youbot_description'), ('youbot_simulator', '/home/bizare/Desktop/Robotics_System/install/youbot_simulator')])}
[0.001036] (youbot_description) JobStarted: {'identifier': 'youbot_description'}
[0.007614] (cw1q4) JobStarted: {'identifier': 'cw1q4'}
[0.015067] (cw1q4_interfaces) JobStarted: {'identifier': 'cw1q4_interfaces'}
[0.020708] (cw1q9) JobStarted: {'identifier': 'cw1q9'}
[0.028370] (open_manipulator_description) JobStarted: {'identifier': 'open_manipulator_description'}
[0.035259] (youbot_description) JobProgress: {'identifier': 'youbot_description', 'progress': 'cmake'}
[0.036075] (youbot_description) JobProgress: {'identifier': 'youbot_description', 'progress': 'build'}
[0.037027] (youbot_description) Command: {'cmd': ['/usr/bin/cmake', '--build', '/home/bizare/Desktop/Robotics_System/build/youbot_description', '--', '-j8', '-l8'], 'cwd': '/home/bizare/Desktop/Robotics_System/build/youbot_description', 'env': OrderedDict([('LESSOPEN', '| /usr/bin/lesspipe %s'), ('LANGUAGE', 'zh_CN:en'), ('USER', 'bizare'), ('LC_TIME', 'zh_CN.UTF-8'), ('SSH_AGENT_PID', '1851'), ('XDG_SESSION_TYPE', 'x11'), ('SHLVL', '1'), ('LD_LIBRARY_PATH', '/usr/lib/x86_64-linux-gnu/gazebo-11/plugins:/opt/ros/foxy/opt/yaml_cpp_vendor/lib:/opt/ros/foxy/opt/rviz_ogre_vendor/lib:/opt/ros/foxy/lib/x86_64-linux-gnu:/opt/ros/foxy/lib'), ('HOME', '/home/bizare'), ('DESKTOP_SESSION', 'ubuntu'), ('ROS_PYTHON_VERSION', '3'), ('GNOME_SHELL_SESSION_MODE', 'ubuntu'), ('GTK_MODULES', 'gail:atk-bridge'), ('LC_MONETARY', 'zh_CN.UTF-8'), ('MANAGERPID', '1677'), ('DBUS_STARTER_BUS_TYPE', 'session'), ('DBUS_SESSION_BUS_ADDRESS', 'unix:path=/run/user/1000/bus,guid=1cfdb6d9ed829f8d50c1f859691745b5'), ('COLORTERM', 'truecolor'), ('MANDATORY_PATH', '/usr/share/gconf/ubuntu.mandatory.path'), ('IM_CONFIG_PHASE', '1'), ('ROS_DISTRO', 'foxy'), ('LOGNAME', 'bizare'), ('JOURNAL_STREAM', '8:54213'), ('_', '/usr/bin/colcon'), ('ROS_VERSION', '2'), ('XDG_SESSION_CLASS', 'user'), ('DEFAULTS_PATH', '/usr/share/gconf/ubuntu.default.path'), ('USERNAME', 'bizare'), ('TERM', 'xterm-256color'), ('GNOME_DESKTOP_SESSION_ID', 'this-is-deprecated'), ('ROS_LOCALHOST_ONLY', '0'), ('WINDOWPATH', '2'), ('PATH', '/opt/ros/foxy/bin:/usr/local/sbin:/usr/local/bin:/usr/sbin:/usr/bin:/sbin:/bin:/usr/games:/usr/local/games:/snap/bin'), ('SESSION_MANAGER', 'local/ubuntu:@/tmp/.ICE-unix/1886,unix/ubuntu:/tmp/.ICE-unix/1886'), ('INVOCATION_ID', 'ccc7bdd77c704ecea5cf7918d7b741e6'), ('PAPERSIZE', 'a4'), ('XDG_MENU_PREFIX', 'gnome-'), ('LC_ADDRESS', 'zh_CN.UTF-8'), ('GNOME_TERMINAL_SCREEN', '/org/gnome/Terminal/screen/56b37eec_e7f9_4fd5_bf6b_5e31667dec85'), ('XDG_RUNTIME_DIR', '/run/user/1000'), ('DISPLAY', ':0'), ('LANG', 'zh_CN.UTF-8'), ('XDG_CURRENT_DESKTOP', 'ubuntu:GNOME'), ('LC_TELEPHONE', 'zh_CN.UTF-8'), ('XMODIFIERS', '@im=ibus'), ('XDG_SESSION_DESKTOP', 'ubuntu'), ('XAUTHORITY', '/run/user/1000/gdm/Xauthority'), ('LS_COLORS', 'rs=0:di=01;34:ln=01;36:mh=00:pi=40;33:so=01;35:do=01;35:bd=40;33;01:cd=40;33;01:or=40;31;01:mi=00:su=37;41:sg=30;43:ca=30;41:tw=30;42:ow=34;42:st=37;44:ex=01;32:*.tar=01;31:*.tgz=01;31:*.arc=01;31:*.arj=01;31:*.taz=01;31:*.lha=01;31:*.lz4=01;31:*.lzh=01;31:*.lzma=01;31:*.tlz=01;31:*.txz=01;31:*.tzo=01;31:*.t7z=01;31:*.zip=01;31:*.z=01;31:*.dz=01;31:*.gz=01;31:*.lrz=01;31:*.lz=01;31:*.lzo=01;31:*.xz=01;31:*.zst=01;31:*.tzst=01;31:*.bz2=01;31:*.bz=01;31:*.tbz=01;31:*.tbz2=01;31:*.tz=01;31:*.deb=01;31:*.rpm=01;31:*.jar=01;31:*.war=01;31:*.ear=01;31:*.sar=01;31:*.rar=01;31:*.alz=01;31:*.ace=01;31:*.zoo=01;31:*.cpio=01;31:*.7z=01;31:*.rz=01;31:*.cab=01;31:*.wim=01;31:*.swm=01;31:*.dwm=01;31:*.esd=01;31:*.jpg=01;35:*.jpeg=01;35:*.mjpg=01;35:*.mjpeg=01;35:*.gif=01;35:*.bmp=01;35:*.pbm=01;35:*.pgm=01;35:*.ppm=01;35:*.tga=01;35:*.xbm=01;35:*.xpm=01;35:*.tif=01;35:*.tiff=01;35:*.png=01;35:*.svg=01;35:*.svgz=01;35:*.mng=01;35:*.pcx=01;35:*.mov=01;35:*.mpg=01;35:*.mpeg=01;35:*.m2v=01;35:*.mkv=01;35:*.webm=01;35:*.ogm=01;35:*.mp4=01;35:*.m4v=01;35:*.mp4v=01;35:*.vob=01;35:*.qt=01;35:*.nuv=01;35:*.wmv=01;35:*.asf=01;35:*.rm=01;35:*.rmvb=01;35:*.flc=01;35:*.avi=01;35:*.fli=01;35:*.flv=01;35:*.gl=01;35:*.dl=01;35:*.xcf=01;35:*.xwd=01;35:*.yuv=01;35:*.cgm=01;35:*.emf=01;35:*.ogv=01;35:*.ogx=01;35:*.aac=00;36:*.au=00;36:*.flac=00;36:*.m4a=00;36:*.mid=00;36:*.midi=00;36:*.mka=00;36:*.mp3=00;36:*.mpc=00;36:*.ogg=00;36:*.ra=00;36:*.wav=00;36:*.oga=00;36:*.opus=00;36:*.spx=00;36:*.xspf=00;36:'), ('GNOME_TERMINAL_SERVICE', ':1.315'), ('SSH_AUTH_SOCK', '/run/user/1000/keyring/ssh'), ('AMENT_PREFIX_PATH', '/opt/ros/foxy'), ('SHELL', '/bin/bash'), ('LC_NAME', 'zh_CN.UTF-8'), ('QT_ACCESSIBILITY', '1'), ('GDMSESSION', 'ubuntu'), ('LESSCLOSE', '/usr/bin/lesspipe %s %s'), ('LC_MEASUREMENT', 'zh_CN.UTF-8'), ('GPG_AGENT_INFO', '/run/user/1000/gnupg/S.gpg-agent:0:1'), ('LC_IDENTIFICATION', 'zh_CN.UTF-8'), ('QT_IM_MODULE', 'ibus'), ('PWD', '/home/bizare/Desktop/Robotics_System/build/youbot_description'), ('XDG_CONFIG_DIRS', '/etc/xdg/xdg-ubuntu:/etc/xdg'), ('DBUS_STARTER_ADDRESS', 'unix:path=/run/user/1000/bus,guid=1cfdb6d9ed829f8d50c1f859691745b5'), ('XDG_DATA_DIRS', '/usr/share/ubuntu:/usr/local/share/:/usr/share/:/var/lib/snapd/desktop'), ('PYTHONPATH', '/opt/ros/foxy/lib/python3.8/site-packages'), ('LC_NUMERIC', 'zh_CN.UTF-8'), ('LC_PAPER', 'zh_CN.UTF-8'), ('COLCON', '1'), ('VTE_VERSION', '6003'), ('CMAKE_PREFIX_PATH', '/opt/ros/foxy')]), 'shell': False}
[0.099553] (-) TimerEvent: {}
[0.200213] (-) TimerEvent: {}
[0.231701] (cw1q4_interfaces) JobProgress: {'identifier': 'cw1q4_interfaces', 'progress': 'cmake'}
[0.232602] (cw1q4_interfaces) JobProgress: {'identifier': 'cw1q4_interfaces', 'progress': 'build'}
[0.233004] (cw1q4_interfaces) Command: {'cmd': ['/usr/bin/cmake', '--build', '/home/bizare/Desktop/Robotics_System/build/cw1q4_interfaces', '--', '-j8', '-l8'], 'cwd': '/home/bizare/Desktop/Robotics_System/build/cw1q4_interfaces', 'env': OrderedDict([('LESSOPEN', '| /usr/bin/lesspipe %s'), ('LANGUAGE', 'zh_CN:en'), ('USER', 'bizare'), ('LC_TIME', 'zh_CN.UTF-8'), ('SSH_AGENT_PID', '1851'), ('XDG_SESSION_TYPE', 'x11'), ('SHLVL', '1'), ('LD_LIBRARY_PATH', '/usr/lib/x86_64-linux-gnu/gazebo-11/plugins:/opt/ros/foxy/opt/yaml_cpp_vendor/lib:/opt/ros/foxy/opt/rviz_ogre_vendor/lib:/opt/ros/foxy/lib/x86_64-linux-gnu:/opt/ros/foxy/lib'), ('HOME', '/home/bizare'), ('DESKTOP_SESSION', 'ubuntu'), ('ROS_PYTHON_VERSION', '3'), ('GNOME_SHELL_SESSION_MODE', 'ubuntu'), ('GTK_MODULES', 'gail:atk-bridge'), ('LC_MONETARY', 'zh_CN.UTF-8'), ('MANAGERPID', '1677'), ('DBUS_STARTER_BUS_TYPE', 'session'), ('DBUS_SESSION_BUS_ADDRESS', 'unix:path=/run/user/1000/bus,guid=1cfdb6d9ed829f8d50c1f859691745b5'), ('COLORTERM', 'truecolor'), ('MANDATORY_PATH', '/usr/share/gconf/ubuntu.mandatory.path'), ('IM_CONFIG_PHASE', '1'), ('ROS_DISTRO', 'foxy'), ('LOGNAME', 'bizare'), ('JOURNAL_STREAM', '8:54213'), ('_', '/usr/bin/colcon'), ('ROS_VERSION', '2'), ('XDG_SESSION_CLASS', 'user'), ('DEFAULTS_PATH', '/usr/share/gconf/ubuntu.default.path'), ('USERNAME', 'bizare'), ('TERM', 'xterm-256color'), ('GNOME_DESKTOP_SESSION_ID', 'this-is-deprecated'), ('ROS_LOCALHOST_ONLY', '0'), ('WINDOWPATH', '2'), ('PATH', '/opt/ros/foxy/bin:/usr/local/sbin:/usr/local/bin:/usr/sbin:/usr/bin:/sbin:/bin:/usr/games:/usr/local/games:/snap/bin'), ('SESSION_MANAGER', 'local/ubuntu:@/tmp/.ICE-unix/1886,unix/ubuntu:/tmp/.ICE-unix/1886'), ('INVOCATION_ID', 'ccc7bdd77c704ecea5cf7918d7b741e6'), ('PAPERSIZE', 'a4'), ('XDG_MENU_PREFIX', 'gnome-'), ('LC_ADDRESS', 'zh_CN.UTF-8'), ('GNOME_TERMINAL_SCREEN', '/org/gnome/Terminal/screen/56b37eec_e7f9_4fd5_bf6b_5e31667dec85'), ('XDG_RUNTIME_DIR', '/run/user/1000'), ('DISPLAY', ':0'), ('LANG', 'zh_CN.UTF-8'), ('XDG_CURRENT_DESKTOP', 'ubuntu:GNOME'), ('LC_TELEPHONE', 'zh_CN.UTF-8'), ('XMODIFIERS', '@im=ibus'), ('XDG_SESSION_DESKTOP', 'ubuntu'), ('XAUTHORITY', '/run/user/1000/gdm/Xauthority'), ('LS_COLORS', 'rs=0:di=01;34:ln=01;36:mh=00:pi=40;33:so=01;35:do=01;35:bd=40;33;01:cd=40;33;01:or=40;31;01:mi=00:su=37;41:sg=30;43:ca=30;41:tw=30;42:ow=34;42:st=37;44:ex=01;32:*.tar=01;31:*.tgz=01;31:*.arc=01;31:*.arj=01;31:*.taz=01;31:*.lha=01;31:*.lz4=01;31:*.lzh=01;31:*.lzma=01;31:*.tlz=01;31:*.txz=01;31:*.tzo=01;31:*.t7z=01;31:*.zip=01;31:*.z=01;31:*.dz=01;31:*.gz=01;31:*.lrz=01;31:*.lz=01;31:*.lzo=01;31:*.xz=01;31:*.zst=01;31:*.tzst=01;31:*.bz2=01;31:*.bz=01;31:*.tbz=01;31:*.tbz2=01;31:*.tz=01;31:*.deb=01;31:*.rpm=01;31:*.jar=01;31:*.war=01;31:*.ear=01;31:*.sar=01;31:*.rar=01;31:*.alz=01;31:*.ace=01;31:*.zoo=01;31:*.cpio=01;31:*.7z=01;31:*.rz=01;31:*.cab=01;31:*.wim=01;31:*.swm=01;31:*.dwm=01;31:*.esd=01;31:*.jpg=01;35:*.jpeg=01;35:*.mjpg=01;35:*.mjpeg=01;35:*.gif=01;35:*.bmp=01;35:*.pbm=01;35:*.pgm=01;35:*.ppm=01;35:*.tga=01;35:*.xbm=01;35:*.xpm=01;35:*.tif=01;35:*.tiff=01;35:*.png=01;35:*.svg=01;35:*.svgz=01;35:*.mng=01;35:*.pcx=01;35:*.mov=01;35:*.mpg=01;35:*.mpeg=01;35:*.m2v=01;35:*.mkv=01;35:*.webm=01;35:*.ogm=01;35:*.mp4=01;35:*.m4v=01;35:*.mp4v=01;35:*.vob=01;35:*.qt=01;35:*.nuv=01;35:*.wmv=01;35:*.asf=01;35:*.rm=01;35:*.rmvb=01;35:*.flc=01;35:*.avi=01;35:*.fli=01;35:*.flv=01;35:*.gl=01;35:*.dl=01;35:*.xcf=01;35:*.xwd=01;35:*.yuv=01;35:*.cgm=01;35:*.emf=01;35:*.ogv=01;35:*.ogx=01;35:*.aac=00;36:*.au=00;36:*.flac=00;36:*.m4a=00;36:*.mid=00;36:*.midi=00;36:*.mka=00;36:*.mp3=00;36:*.mpc=00;36:*.ogg=00;36:*.ra=00;36:*.wav=00;36:*.oga=00;36:*.opus=00;36:*.spx=00;36:*.xspf=00;36:'), ('GNOME_TERMINAL_SERVICE', ':1.315'), ('SSH_AUTH_SOCK', '/run/user/1000/keyring/ssh'), ('AMENT_PREFIX_PATH', '/opt/ros/foxy'), ('SHELL', '/bin/bash'), ('LC_NAME', 'zh_CN.UTF-8'), ('QT_ACCESSIBILITY', '1'), ('GDMSESSION', 'ubuntu'), ('LESSCLOSE', '/usr/bin/lesspipe %s %s'), ('LC_MEASUREMENT', 'zh_CN.UTF-8'), ('GPG_AGENT_INFO', '/run/user/1000/gnupg/S.gpg-agent:0:1'), ('LC_IDENTIFICATION', 'zh_CN.UTF-8'), ('QT_IM_MODULE', 'ibus'), ('PWD', '/home/bizare/Desktop/Robotics_System/build/cw1q4_interfaces'), ('XDG_CONFIG_DIRS', '/etc/xdg/xdg-ubuntu:/etc/xdg'), ('DBUS_STARTER_ADDRESS', 'unix:path=/run/user/1000/bus,guid=1cfdb6d9ed829f8d50c1f859691745b5'), ('XDG_DATA_DIRS', '/usr/share/ubuntu:/usr/local/share/:/usr/share/:/var/lib/snapd/desktop'), ('PYTHONPATH', '/opt/ros/foxy/lib/python3.8/site-packages'), ('LC_NUMERIC', 'zh_CN.UTF-8'), ('LC_PAPER', 'zh_CN.UTF-8'), ('COLCON', '1'), ('VTE_VERSION', '6003'), ('CMAKE_PREFIX_PATH', '/opt/ros/foxy')]), 'shell': False}
[0.300637] (-) TimerEvent: {}
[0.402118] (-) TimerEvent: {}
[0.437601] (cw1q4_interfaces) StdoutLine: {'line': b'[  2%] Built target cw1q4_interfaces__cpp\n'}
[0.437893] (cw1q4_interfaces) StdoutLine: {'line': b'[ 12%] Built target cw1q4_interfaces__rosidl_generator_c\n'}
[0.438029] (cw1q4_interfaces) StdoutLine: {'line': b'[ 33%] Built target cw1q4_interfaces__rosidl_typesupport_cpp\n'}
[0.438133] (cw1q4_interfaces) StdoutLine: {'line': b'[ 33%] Built target cw1q4_interfaces__rosidl_typesupport_c\n'}
[0.438196] (cw1q4_interfaces) StdoutLine: {'line': b'[ 43%] Built target cw1q4_interfaces__rosidl_typesupport_introspection_cpp\n'}
[0.438252] (cw1q4_interfaces) StdoutLine: {'line': b'[ 53%] Built target cw1q4_interfaces__rosidl_typesupport_fastrtps_cpp\n'}
[0.438354] (cw1q4_interfaces) StdoutLine: {'line': b'[ 64%] Built target cw1q4_interfaces__rosidl_typesupport_introspection_c\n'}
[0.438409] (cw1q4_interfaces) StdoutLine: {'line': b'[ 74%] Built target cw1q4_interfaces__rosidl_typesupport_fastrtps_c\n'}
[0.438463] (cw1q4_interfaces) StdoutLine: {'line': b'[ 74%] Built target cw1q4_interfaces\n'}
[0.438525] (cw1q4_interfaces) StdoutLine: {'line': b'[ 76%] Built target cw1q4_interfaces__py\n'}
[0.438578] (cw1q4_interfaces) StdoutLine: {'line': b'[ 84%] Built target cw1q4_interfaces__python\n'}
[0.438631] (cw1q4_interfaces) StdoutLine: {'line': b'[100%] Built target cw1q4_interfaces__rosidl_typesupport_introspection_c__pyext\n'}
[0.438684] (cw1q4_interfaces) StdoutLine: {'line': b'[100%] Built target cw1q4_interfaces__rosidl_typesupport_fastrtps_c__pyext\n'}
[0.438739] (cw1q4_interfaces) StdoutLine: {'line': b'[100%] Built target cw1q4_interfaces__rosidl_typesupport_c__pyext\n'}
[0.439839] (open_manipulator_description) JobProgress: {'identifier': 'open_manipulator_description', 'progress': 'cmake'}
[0.440577] (open_manipulator_description) JobProgress: {'identifier': 'open_manipulator_description', 'progress': 'build'}
[0.440821] (open_manipulator_description) Command: {'cmd': ['/usr/bin/cmake', '--build', '/home/bizare/Desktop/Robotics_System/build/open_manipulator_description', '--', '-j8', '-l8'], 'cwd': '/home/bizare/Desktop/Robotics_System/build/open_manipulator_description', 'env': OrderedDict([('LESSOPEN', '| /usr/bin/lesspipe %s'), ('LANGUAGE', 'zh_CN:en'), ('USER', 'bizare'), ('LC_TIME', 'zh_CN.UTF-8'), ('SSH_AGENT_PID', '1851'), ('XDG_SESSION_TYPE', 'x11'), ('SHLVL', '1'), ('LD_LIBRARY_PATH', '/usr/lib/x86_64-linux-gnu/gazebo-11/plugins:/opt/ros/foxy/opt/yaml_cpp_vendor/lib:/opt/ros/foxy/opt/rviz_ogre_vendor/lib:/opt/ros/foxy/lib/x86_64-linux-gnu:/opt/ros/foxy/lib'), ('HOME', '/home/bizare'), ('DESKTOP_SESSION', 'ubuntu'), ('ROS_PYTHON_VERSION', '3'), ('GNOME_SHELL_SESSION_MODE', 'ubuntu'), ('GTK_MODULES', 'gail:atk-bridge'), ('LC_MONETARY', 'zh_CN.UTF-8'), ('MANAGERPID', '1677'), ('DBUS_STARTER_BUS_TYPE', 'session'), ('DBUS_SESSION_BUS_ADDRESS', 'unix:path=/run/user/1000/bus,guid=1cfdb6d9ed829f8d50c1f859691745b5'), ('COLORTERM', 'truecolor'), ('MANDATORY_PATH', '/usr/share/gconf/ubuntu.mandatory.path'), ('IM_CONFIG_PHASE', '1'), ('ROS_DISTRO', 'foxy'), ('LOGNAME', 'bizare'), ('JOURNAL_STREAM', '8:54213'), ('_', '/usr/bin/colcon'), ('ROS_VERSION', '2'), ('XDG_SESSION_CLASS', 'user'), ('DEFAULTS_PATH', '/usr/share/gconf/ubuntu.default.path'), ('USERNAME', 'bizare'), ('TERM', 'xterm-256color'), ('GNOME_DESKTOP_SESSION_ID', 'this-is-deprecated'), ('ROS_LOCALHOST_ONLY', '0'), ('WINDOWPATH', '2'), ('PATH', '/opt/ros/foxy/bin:/usr/local/sbin:/usr/local/bin:/usr/sbin:/usr/bin:/sbin:/bin:/usr/games:/usr/local/games:/snap/bin'), ('SESSION_MANAGER', 'local/ubuntu:@/tmp/.ICE-unix/1886,unix/ubuntu:/tmp/.ICE-unix/1886'), ('INVOCATION_ID', 'ccc7bdd77c704ecea5cf7918d7b741e6'), ('PAPERSIZE', 'a4'), ('XDG_MENU_PREFIX', 'gnome-'), ('LC_ADDRESS', 'zh_CN.UTF-8'), ('GNOME_TERMINAL_SCREEN', '/org/gnome/Terminal/screen/56b37eec_e7f9_4fd5_bf6b_5e31667dec85'), ('XDG_RUNTIME_DIR', '/run/user/1000'), ('DISPLAY', ':0'), ('LANG', 'zh_CN.UTF-8'), ('XDG_CURRENT_DESKTOP', 'ubuntu:GNOME'), ('LC_TELEPHONE', 'zh_CN.UTF-8'), ('XMODIFIERS', '@im=ibus'), ('XDG_SESSION_DESKTOP', 'ubuntu'), ('XAUTHORITY', '/run/user/1000/gdm/Xauthority'), ('LS_COLORS', 'rs=0:di=01;34:ln=01;36:mh=00:pi=40;33:so=01;35:do=01;35:bd=40;33;01:cd=40;33;01:or=40;31;01:mi=00:su=37;41:sg=30;43:ca=30;41:tw=30;42:ow=34;42:st=37;44:ex=01;32:*.tar=01;31:*.tgz=01;31:*.arc=01;31:*.arj=01;31:*.taz=01;31:*.lha=01;31:*.lz4=01;31:*.lzh=01;31:*.lzma=01;31:*.tlz=01;31:*.txz=01;31:*.tzo=01;31:*.t7z=01;31:*.zip=01;31:*.z=01;31:*.dz=01;31:*.gz=01;31:*.lrz=01;31:*.lz=01;31:*.lzo=01;31:*.xz=01;31:*.zst=01;31:*.tzst=01;31:*.bz2=01;31:*.bz=01;31:*.tbz=01;31:*.tbz2=01;31:*.tz=01;31:*.deb=01;31:*.rpm=01;31:*.jar=01;31:*.war=01;31:*.ear=01;31:*.sar=01;31:*.rar=01;31:*.alz=01;31:*.ace=01;31:*.zoo=01;31:*.cpio=01;31:*.7z=01;31:*.rz=01;31:*.cab=01;31:*.wim=01;31:*.swm=01;31:*.dwm=01;31:*.esd=01;31:*.jpg=01;35:*.jpeg=01;35:*.mjpg=01;35:*.mjpeg=01;35:*.gif=01;35:*.bmp=01;35:*.pbm=01;35:*.pgm=01;35:*.ppm=01;35:*.tga=01;35:*.xbm=01;35:*.xpm=01;35:*.tif=01;35:*.tiff=01;35:*.png=01;35:*.svg=01;35:*.svgz=01;35:*.mng=01;35:*.pcx=01;35:*.mov=01;35:*.mpg=01;35:*.mpeg=01;35:*.m2v=01;35:*.mkv=01;35:*.webm=01;35:*.ogm=01;35:*.mp4=01;35:*.m4v=01;35:*.mp4v=01;35:*.vob=01;35:*.qt=01;35:*.nuv=01;35:*.wmv=01;35:*.asf=01;35:*.rm=01;35:*.rmvb=01;35:*.flc=01;35:*.avi=01;35:*.fli=01;35:*.flv=01;35:*.gl=01;35:*.dl=01;35:*.xcf=01;35:*.xwd=01;35:*.yuv=01;35:*.cgm=01;35:*.emf=01;35:*.ogv=01;35:*.ogx=01;35:*.aac=00;36:*.au=00;36:*.flac=00;36:*.m4a=00;36:*.mid=00;36:*.midi=00;36:*.mka=00;36:*.mp3=00;36:*.mpc=00;36:*.ogg=00;36:*.ra=00;36:*.wav=00;36:*.oga=00;36:*.opus=00;36:*.spx=00;36:*.xspf=00;36:'), ('GNOME_TERMINAL_SERVICE', ':1.315'), ('SSH_AUTH_SOCK', '/run/user/1000/keyring/ssh'), ('AMENT_PREFIX_PATH', '/opt/ros/foxy'), ('SHELL', '/bin/bash'), ('LC_NAME', 'zh_CN.UTF-8'), ('QT_ACCESSIBILITY', '1'), ('GDMSESSION', 'ubuntu'), ('LESSCLOSE', '/usr/bin/lesspipe %s %s'), ('LC_MEASUREMENT', 'zh_CN.UTF-8'), ('GPG_AGENT_INFO', '/run/user/1000/gnupg/S.gpg-agent:0:1'), ('LC_IDENTIFICATION', 'zh_CN.UTF-8'), ('QT_IM_MODULE', 'ibus'), ('PWD', '/home/bizare/Desktop/Robotics_System/build/open_manipulator_description'), ('XDG_CONFIG_DIRS', '/etc/xdg/xdg-ubuntu:/etc/xdg'), ('DBUS_STARTER_ADDRESS', 'unix:path=/run/user/1000/bus,guid=1cfdb6d9ed829f8d50c1f859691745b5'), ('XDG_DATA_DIRS', '/usr/share/ubuntu:/usr/local/share/:/usr/share/:/var/lib/snapd/desktop'), ('PYTHONPATH', '/opt/ros/foxy/lib/python3.8/site-packages'), ('LC_NUMERIC', 'zh_CN.UTF-8'), ('LC_PAPER', 'zh_CN.UTF-8'), ('COLCON', '1'), ('VTE_VERSION', '6003'), ('CMAKE_PREFIX_PATH', '/opt/ros/foxy')]), 'shell': False}
[0.446146] (youbot_description) CommandEnded: {'returncode': 0}
[0.446802] (youbot_description) JobProgress: {'identifier': 'youbot_description', 'progress': 'install'}
[0.456010] (youbot_description) Command: {'cmd': ['/usr/bin/cmake', '--install', '/home/bizare/Desktop/Robotics_System/build/youbot_description'], 'cwd': '/home/bizare/Desktop/Robotics_System/build/youbot_description', 'env': OrderedDict([('LESSOPEN', '| /usr/bin/lesspipe %s'), ('LANGUAGE', 'zh_CN:en'), ('USER', 'bizare'), ('LC_TIME', 'zh_CN.UTF-8'), ('SSH_AGENT_PID', '1851'), ('XDG_SESSION_TYPE', 'x11'), ('SHLVL', '1'), ('LD_LIBRARY_PATH', '/usr/lib/x86_64-linux-gnu/gazebo-11/plugins:/opt/ros/foxy/opt/yaml_cpp_vendor/lib:/opt/ros/foxy/opt/rviz_ogre_vendor/lib:/opt/ros/foxy/lib/x86_64-linux-gnu:/opt/ros/foxy/lib'), ('HOME', '/home/bizare'), ('DESKTOP_SESSION', 'ubuntu'), ('ROS_PYTHON_VERSION', '3'), ('GNOME_SHELL_SESSION_MODE', 'ubuntu'), ('GTK_MODULES', 'gail:atk-bridge'), ('LC_MONETARY', 'zh_CN.UTF-8'), ('MANAGERPID', '1677'), ('DBUS_STARTER_BUS_TYPE', 'session'), ('DBUS_SESSION_BUS_ADDRESS', 'unix:path=/run/user/1000/bus,guid=1cfdb6d9ed829f8d50c1f859691745b5'), ('COLORTERM', 'truecolor'), ('MANDATORY_PATH', '/usr/share/gconf/ubuntu.mandatory.path'), ('IM_CONFIG_PHASE', '1'), ('ROS_DISTRO', 'foxy'), ('LOGNAME', 'bizare'), ('JOURNAL_STREAM', '8:54213'), ('_', '/usr/bin/colcon'), ('ROS_VERSION', '2'), ('XDG_SESSION_CLASS', 'user'), ('DEFAULTS_PATH', '/usr/share/gconf/ubuntu.default.path'), ('USERNAME', 'bizare'), ('TERM', 'xterm-256color'), ('GNOME_DESKTOP_SESSION_ID', 'this-is-deprecated'), ('ROS_LOCALHOST_ONLY', '0'), ('WINDOWPATH', '2'), ('PATH', '/opt/ros/foxy/bin:/usr/local/sbin:/usr/local/bin:/usr/sbin:/usr/bin:/sbin:/bin:/usr/games:/usr/local/games:/snap/bin'), ('SESSION_MANAGER', 'local/ubuntu:@/tmp/.ICE-unix/1886,unix/ubuntu:/tmp/.ICE-unix/1886'), ('INVOCATION_ID', 'ccc7bdd77c704ecea5cf7918d7b741e6'), ('PAPERSIZE', 'a4'), ('XDG_MENU_PREFIX', 'gnome-'), ('LC_ADDRESS', 'zh_CN.UTF-8'), ('GNOME_TERMINAL_SCREEN', '/org/gnome/Terminal/screen/56b37eec_e7f9_4fd5_bf6b_5e31667dec85'), ('XDG_RUNTIME_DIR', '/run/user/1000'), ('DISPLAY', ':0'), ('LANG', 'zh_CN.UTF-8'), ('XDG_CURRENT_DESKTOP', 'ubuntu:GNOME'), ('LC_TELEPHONE', 'zh_CN.UTF-8'), ('XMODIFIERS', '@im=ibus'), ('XDG_SESSION_DESKTOP', 'ubuntu'), ('XAUTHORITY', '/run/user/1000/gdm/Xauthority'), ('LS_COLORS', 'rs=0:di=01;34:ln=01;36:mh=00:pi=40;33:so=01;35:do=01;35:bd=40;33;01:cd=40;33;01:or=40;31;01:mi=00:su=37;41:sg=30;43:ca=30;41:tw=30;42:ow=34;42:st=37;44:ex=01;32:*.tar=01;31:*.tgz=01;31:*.arc=01;31:*.arj=01;31:*.taz=01;31:*.lha=01;31:*.lz4=01;31:*.lzh=01;31:*.lzma=01;31:*.tlz=01;31:*.txz=01;31:*.tzo=01;31:*.t7z=01;31:*.zip=01;31:*.z=01;31:*.dz=01;31:*.gz=01;31:*.lrz=01;31:*.lz=01;31:*.lzo=01;31:*.xz=01;31:*.zst=01;31:*.tzst=01;31:*.bz2=01;31:*.bz=01;31:*.tbz=01;31:*.tbz2=01;31:*.tz=01;31:*.deb=01;31:*.rpm=01;31:*.jar=01;31:*.war=01;31:*.ear=01;31:*.sar=01;31:*.rar=01;31:*.alz=01;31:*.ace=01;31:*.zoo=01;31:*.cpio=01;31:*.7z=01;31:*.rz=01;31:*.cab=01;31:*.wim=01;31:*.swm=01;31:*.dwm=01;31:*.esd=01;31:*.jpg=01;35:*.jpeg=01;35:*.mjpg=01;35:*.mjpeg=01;35:*.gif=01;35:*.bmp=01;35:*.pbm=01;35:*.pgm=01;35:*.ppm=01;35:*.tga=01;35:*.xbm=01;35:*.xpm=01;35:*.tif=01;35:*.tiff=01;35:*.png=01;35:*.svg=01;35:*.svgz=01;35:*.mng=01;35:*.pcx=01;35:*.mov=01;35:*.mpg=01;35:*.mpeg=01;35:*.m2v=01;35:*.mkv=01;35:*.webm=01;35:*.ogm=01;35:*.mp4=01;35:*.m4v=01;35:*.mp4v=01;35:*.vob=01;35:*.qt=01;35:*.nuv=01;35:*.wmv=01;35:*.asf=01;35:*.rm=01;35:*.rmvb=01;35:*.flc=01;35:*.avi=01;35:*.fli=01;35:*.flv=01;35:*.gl=01;35:*.dl=01;35:*.xcf=01;35:*.xwd=01;35:*.yuv=01;35:*.cgm=01;35:*.emf=01;35:*.ogv=01;35:*.ogx=01;35:*.aac=00;36:*.au=00;36:*.flac=00;36:*.m4a=00;36:*.mid=00;36:*.midi=00;36:*.mka=00;36:*.mp3=00;36:*.mpc=00;36:*.ogg=00;36:*.ra=00;36:*.wav=00;36:*.oga=00;36:*.opus=00;36:*.spx=00;36:*.xspf=00;36:'), ('GNOME_TERMINAL_SERVICE', ':1.315'), ('SSH_AUTH_SOCK', '/run/user/1000/keyring/ssh'), ('AMENT_PREFIX_PATH', '/opt/ros/foxy'), ('SHELL', '/bin/bash'), ('LC_NAME', 'zh_CN.UTF-8'), ('QT_ACCESSIBILITY', '1'), ('GDMSESSION', 'ubuntu'), ('LESSCLOSE', '/usr/bin/lesspipe %s %s'), ('LC_MEASUREMENT', 'zh_CN.UTF-8'), ('GPG_AGENT_INFO', '/run/user/1000/gnupg/S.gpg-agent:0:1'), ('LC_IDENTIFICATION', 'zh_CN.UTF-8'), ('QT_IM_MODULE', 'ibus'), ('PWD', '/home/bizare/Desktop/Robotics_System/build/youbot_description'), ('XDG_CONFIG_DIRS', '/etc/xdg/xdg-ubuntu:/etc/xdg'), ('DBUS_STARTER_ADDRESS', 'unix:path=/run/user/1000/bus,guid=1cfdb6d9ed829f8d50c1f859691745b5'), ('XDG_DATA_DIRS', '/usr/share/ubuntu:/usr/local/share/:/usr/share/:/var/lib/snapd/desktop'), ('PYTHONPATH', '/opt/ros/foxy/lib/python3.8/site-packages'), ('LC_NUMERIC', 'zh_CN.UTF-8'), ('LC_PAPER', 'zh_CN.UTF-8'), ('COLCON', '1'), ('VTE_VERSION', '6003'), ('CMAKE_PREFIX_PATH', '/opt/ros/foxy')]), 'shell': False}
[0.464972] (youbot_description) StdoutLine: {'line': b'-- Install configuration: ""\n'}
[0.465718] (youbot_description) StdoutLine: {'line': b'-- Up-to-date: /home/bizare/Desktop/Robotics_System/install/youbot_description/share/youbot_description/controller\n'}
[0.466401] (youbot_description) StdoutLine: {'line': b'-- Up-to-date: /home/bizare/Desktop/Robotics_System/install/youbot_description/share/youbot_description/controller/ros_controller.urdf.xacro\n'}
[0.466783] (youbot_description) StdoutLine: {'line': b'-- Up-to-date: /home/bizare/Desktop/Robotics_System/install/youbot_description/share/youbot_description/meshes\n'}
[0.466961] (youbot_description) StdoutLine: {'line': b'-- Up-to-date: /home/bizare/Desktop/Robotics_System/install/youbot_description/share/youbot_description/meshes/youbot_gripper\n'}
[0.467138] (youbot_description) StdoutLine: {'line': b'-- Up-to-date: /home/bizare/Desktop/Robotics_System/install/youbot_description/share/youbot_description/meshes/youbot_gripper/finger.dae\n'}
[0.467380] (youbot_description) StdoutLine: {'line': b'-- Up-to-date: /home/bizare/Desktop/Robotics_System/install/youbot_description/share/youbot_description/meshes/youbot_gripper/palm_convex.dae\n'}
[0.467607] (youbot_description) StdoutLine: {'line': b'-- Up-to-date: /home/bizare/Desktop/Robotics_System/install/youbot_description/share/youbot_description/meshes/youbot_gripper/finger_convex.dae\n'}
[0.467822] (youbot_description) StdoutLine: {'line': b'-- Up-to-date: /home/bizare/Desktop/Robotics_System/install/youbot_description/share/youbot_description/meshes/youbot_gripper/palm.dae\n'}
[0.468024] (youbot_description) StdoutLine: {'line': b'-- Up-to-date: /home/bizare/Desktop/Robotics_System/install/youbot_description/share/youbot_description/meshes/youbot_plate\n'}
[0.468450] (youbot_description) StdoutLine: {'line': b'-- Up-to-date: /home/bizare/Desktop/Robotics_System/install/youbot_description/share/youbot_description/meshes/youbot_plate/plate.dae\n'}
[0.468951] (youbot_description) StdoutLine: {'line': b'-- Up-to-date: /home/bizare/Desktop/Robotics_System/install/youbot_description/share/youbot_description/meshes/youbot_plate/plate_convex.dae\n'}
[0.469233] (youbot_description) StdoutLine: {'line': b'-- Up-to-date: /home/bizare/Desktop/Robotics_System/install/youbot_description/share/youbot_description/meshes/youbot_base\n'}
[0.469508] (youbot_description) StdoutLine: {'line': b'-- Up-to-date: /home/bizare/Desktop/Robotics_System/install/youbot_description/share/youbot_description/meshes/youbot_base/base.dae\n'}
[0.470266] (youbot_description) StdoutLine: {'line': b'-- Up-to-date: /home/bizare/Desktop/Robotics_System/install/youbot_description/share/youbot_description/meshes/youbot_base/base_convex.dae\n'}
[0.470917] (youbot_description) StdoutLine: {'line': b'-- Up-to-date: /home/bizare/Desktop/Robotics_System/install/youbot_description/share/youbot_description/meshes/youbot_arm\n'}
[0.471195] (youbot_description) StdoutLine: {'line': b'-- Up-to-date: /home/bizare/Desktop/Robotics_System/install/youbot_description/share/youbot_description/meshes/youbot_arm/arm5_convex.dae\n'}
[0.473454] (youbot_description) StdoutLine: {'line': b'-- Up-to-date: /home/bizare/Desktop/Robotics_System/install/youbot_description/share/youbot_description/meshes/youbot_arm/arm2.dae\n'}
[0.473751] (youbot_description) StdoutLine: {'line': b'-- Up-to-date: /home/bizare/Desktop/Robotics_System/install/youbot_description/share/youbot_description/meshes/youbot_arm/arm1.dae\n'}
[0.473838] (youbot_description) StdoutLine: {'line': b'-- Up-to-date: /home/bizare/Desktop/Robotics_System/install/youbot_description/share/youbot_description/meshes/youbot_arm/arm0.dae\n'}
[0.473940] (youbot_description) StdoutLine: {'line': b'-- Up-to-date: /home/bizare/Desktop/Robotics_System/install/youbot_description/share/youbot_description/meshes/youbot_arm/arm0_convex.dae\n'}
[0.474178] (youbot_description) StdoutLine: {'line': b'-- Up-to-date: /home/bizare/Desktop/Robotics_System/install/youbot_description/share/youbot_description/meshes/youbot_arm/arm4_convex.dae\n'}
[0.474283] (youbot_description) StdoutLine: {'line': b'-- Up-to-date: /home/bizare/Desktop/Robotics_System/install/youbot_description/share/youbot_description/meshes/youbot_arm/arm3_convex.dae\n'}
[0.474414] (youbot_description) StdoutLine: {'line': b'-- Up-to-date: /home/bizare/Desktop/Robotics_System/install/youbot_description/share/youbot_description/meshes/youbot_arm/arm4.dae\n'}
[0.474569] (youbot_description) StdoutLine: {'line': b'-- Up-to-date: /home/bizare/Desktop/Robotics_System/install/youbot_description/share/youbot_description/meshes/youbot_arm/arm3.dae\n'}
[0.474707] (youbot_description) StdoutLine: {'line': b'-- Up-to-date: /home/bizare/Desktop/Robotics_System/install/youbot_description/share/youbot_description/meshes/youbot_arm/arm2_convex.dae\n'}
[0.475066] (youbot_description) StdoutLine: {'line': b'-- Up-to-date: /home/bizare/Desktop/Robotics_System/install/youbot_description/share/youbot_description/meshes/youbot_arm/arm1_convex.dae\n'}
[0.475212] (youbot_description) StdoutLine: {'line': b'-- Up-to-date: /home/bizare/Desktop/Robotics_System/install/youbot_description/share/youbot_description/meshes/youbot_arm/arm5.dae\n'}
[0.475351] (youbot_description) StdoutLine: {'line': b'-- Up-to-date: /home/bizare/Desktop/Robotics_System/install/youbot_description/share/youbot_description/meshes/sensors\n'}
[0.475513] (youbot_description) StdoutLine: {'line': b'-- Up-to-date: /home/bizare/Desktop/Robotics_System/install/youbot_description/share/youbot_description/meshes/sensors/asus_xtion_pro_live_base.dae\n'}
[0.475669] (youbot_description) StdoutLine: {'line': b'-- Up-to-date: /home/bizare/Desktop/Robotics_System/install/youbot_description/share/youbot_description/meshes/sensors/hokuyo.dae\n'}
[0.475820] (youbot_description) StdoutLine: {'line': b'-- Up-to-date: /home/bizare/Desktop/Robotics_System/install/youbot_description/share/youbot_description/meshes/sensors/kinect.tga\n'}
[0.477016] (youbot_description) StdoutLine: {'line': b'-- Up-to-date: /home/bizare/Desktop/Robotics_System/install/youbot_description/share/youbot_description/meshes/sensors/asus_xtion_pro_live_camera.png\n'}
[0.477223] (youbot_description) StdoutLine: {'line': b'-- Up-to-date: /home/bizare/Desktop/Robotics_System/install/youbot_description/share/youbot_description/meshes/sensors/asus_xtion_pro_live_camera.dae\n'}
[0.477483] (youbot_description) StdoutLine: {'line': b'-- Up-to-date: /home/bizare/Desktop/Robotics_System/install/youbot_description/share/youbot_description/meshes/sensors/hokuyo_convex.dae\n'}
[0.477715] (youbot_description) StdoutLine: {'line': b'-- Up-to-date: /home/bizare/Desktop/Robotics_System/install/youbot_description/share/youbot_description/meshes/sensors/asus_xtion_pro_live_base.png\n'}
[0.478078] (youbot_description) StdoutLine: {'line': b'-- Up-to-date: /home/bizare/Desktop/Robotics_System/install/youbot_description/share/youbot_description/meshes/sensors/kinect.dae\n'}
[0.478397] (youbot_description) StdoutLine: {'line': b'-- Up-to-date: /home/bizare/Desktop/Robotics_System/install/youbot_description/share/youbot_description/meshes/sensors/microsoft_lifecam.dae\n'}
[0.478712] (youbot_description) StdoutLine: {'line': b'-- Up-to-date: /home/bizare/Desktop/Robotics_System/install/youbot_description/share/youbot_description/robots\n'}
[0.478845] (youbot_description) StdoutLine: {'line': b'-- Up-to-date: /home/bizare/Desktop/Robotics_System/install/youbot_description/share/youbot_description/robots/youbot.urdf.xacro\n'}
[0.479047] (youbot_description) StdoutLine: {'line': b'-- Up-to-date: /home/bizare/Desktop/Robotics_System/install/youbot_description/share/youbot_description/robots/youbot_arm_only.urdf.xacro\n'}
[0.479195] (youbot_description) StdoutLine: {'line': b'-- Up-to-date: /home/bizare/Desktop/Robotics_System/install/youbot_description/share/youbot_description/robots/youbot_base_only.urdf.xacro\n'}
[0.479333] (youbot_description) StdoutLine: {'line': b'-- Up-to-date: /home/bizare/Desktop/Robotics_System/install/youbot_description/share/youbot_description/robots/youbot_dual_arm.urdf.xacro\n'}
[0.479471] (youbot_description) StdoutLine: {'line': b'-- Up-to-date: /home/bizare/Desktop/Robotics_System/install/youbot_description/share/youbot_description/urdf\n'}
[0.479590] (youbot_description) StdoutLine: {'line': b'-- Up-to-date: /home/bizare/Desktop/Robotics_System/install/youbot_description/share/youbot_description/urdf/youbot_gripper\n'}
[0.479723] (youbot_description) StdoutLine: {'line': b'-- Up-to-date: /home/bizare/Desktop/Robotics_System/install/youbot_description/share/youbot_description/urdf/youbot_gripper/gripper.gazebo.xacro\n'}
[0.480333] (youbot_description) StdoutLine: {'line': b'-- Up-to-date: /home/bizare/Desktop/Robotics_System/install/youbot_description/share/youbot_description/urdf/youbot_gripper/gripper.urdf.xacro\n'}
[0.480524] (youbot_description) StdoutLine: {'line': b'-- Up-to-date: /home/bizare/Desktop/Robotics_System/install/youbot_description/share/youbot_description/urdf/youbot_gripper/gripper.transmission.xacro\n'}
[0.480652] (youbot_description) StdoutLine: {'line': b'-- Up-to-date: /home/bizare/Desktop/Robotics_System/install/youbot_description/share/youbot_description/urdf/youbot_gripper/limits.urdf.xacro\n'}
[0.480793] (youbot_description) StdoutLine: {'line': b'-- Up-to-date: /home/bizare/Desktop/Robotics_System/install/youbot_description/share/youbot_description/urdf/youbot_plate\n'}
[0.480958] (youbot_description) StdoutLine: {'line': b'-- Up-to-date: /home/bizare/Desktop/Robotics_System/install/youbot_description/share/youbot_description/urdf/youbot_plate/plate.urdf.xacro\n'}
[0.481223] (youbot_description) StdoutLine: {'line': b'-- Up-to-date: /home/bizare/Desktop/Robotics_System/install/youbot_description/share/youbot_description/urdf/common.xacro\n'}
[0.481701] (youbot_description) StdoutLine: {'line': b'-- Up-to-date: /home/bizare/Desktop/Robotics_System/install/youbot_description/share/youbot_description/urdf/youbot_base\n'}
[0.481872] (youbot_description) StdoutLine: {'line': b'-- Up-to-date: /home/bizare/Desktop/Robotics_System/install/youbot_description/share/youbot_description/urdf/youbot_base/base.gazebo.xacro\n'}
[0.482036] (youbot_description) StdoutLine: {'line': b'-- Up-to-date: /home/bizare/Desktop/Robotics_System/install/youbot_description/share/youbot_description/urdf/youbot_base/base.transmission.xacro\n'}
[0.482141] (youbot_description) StdoutLine: {'line': b'-- Up-to-date: /home/bizare/Desktop/Robotics_System/install/youbot_description/share/youbot_description/urdf/youbot_base/base.urdf.xacro\n'}
[0.482244] (youbot_description) StdoutLine: {'line': b'-- Up-to-date: /home/bizare/Desktop/Robotics_System/install/youbot_description/share/youbot_description/urdf/youbot_arm\n'}
[0.482344] (youbot_description) StdoutLine: {'line': b'-- Up-to-date: /home/bizare/Desktop/Robotics_System/install/youbot_description/share/youbot_description/urdf/youbot_arm/arm.transmission.xacro\n'}
[0.482502] (youbot_description) StdoutLine: {'line': b'-- Up-to-date: /home/bizare/Desktop/Robotics_System/install/youbot_description/share/youbot_description/urdf/youbot_arm/limits.urdf.xacro\n'}
[0.482631] (youbot_description) StdoutLine: {'line': b'-- Up-to-date: /home/bizare/Desktop/Robotics_System/install/youbot_description/share/youbot_description/urdf/youbot_arm/arm.gazebo.xacro\n'}
[0.482734] (youbot_description) StdoutLine: {'line': b'-- Up-to-date: /home/bizare/Desktop/Robotics_System/install/youbot_description/share/youbot_description/urdf/youbot_arm/arm.urdf.xacro\n'}
[0.482837] (youbot_description) StdoutLine: {'line': b'-- Up-to-date: /home/bizare/Desktop/Robotics_System/install/youbot_description/share/youbot_description/urdf/misc\n'}
[0.482974] (youbot_description) StdoutLine: {'line': b'-- Up-to-date: /home/bizare/Desktop/Robotics_System/install/youbot_description/share/youbot_description/urdf/misc/sensor_angle.urdf.xacro\n'}
[0.483113] (youbot_description) StdoutLine: {'line': b'-- Up-to-date: /home/bizare/Desktop/Robotics_System/install/youbot_description/share/youbot_description/urdf/misc/cam3d_tower.urdf.xacro\n'}
[0.483284] (youbot_description) StdoutLine: {'line': b'-- Up-to-date: /home/bizare/Desktop/Robotics_System/install/youbot_description/share/youbot_description/urdf/sensors\n'}
[0.483448] (youbot_description) StdoutLine: {'line': b'-- Up-to-date: /home/bizare/Desktop/Robotics_System/install/youbot_description/share/youbot_description/urdf/sensors/asus_xtion_camera.gazebo.xacro\n'}
[0.483581] (youbot_description) StdoutLine: {'line': b'-- Up-to-date: /home/bizare/Desktop/Robotics_System/install/youbot_description/share/youbot_description/urdf/sensors/microsoft_lifecam.urdf.xacro\n'}
[0.483713] (youbot_description) StdoutLine: {'line': b'-- Up-to-date: /home/bizare/Desktop/Robotics_System/install/youbot_description/share/youbot_description/urdf/sensors/microsoft_lifecam.gazebo.xacro\n'}
[0.483846] (youbot_description) StdoutLine: {'line': b'-- Up-to-date: /home/bizare/Desktop/Robotics_System/install/youbot_description/share/youbot_description/urdf/sensors/kinect_camera.gazebo.xacro\n'}
[0.483992] (youbot_description) StdoutLine: {'line': b'-- Up-to-date: /home/bizare/Desktop/Robotics_System/install/youbot_description/share/youbot_description/urdf/sensors/kinect_camera.urdf.xacro\n'}
[0.484129] (youbot_description) StdoutLine: {'line': b'-- Up-to-date: /home/bizare/Desktop/Robotics_System/install/youbot_description/share/youbot_description/urdf/sensors/asus_xtion_camera.urdf.xacro\n'}
[0.484229] (youbot_description) StdoutLine: {'line': b'-- Up-to-date: /home/bizare/Desktop/Robotics_System/install/youbot_description/share/youbot_description/urdf/sensors/hokuyo_urg04_laser.urdf.xacro\n'}
[0.484327] (youbot_description) StdoutLine: {'line': b'-- Up-to-date: /home/bizare/Desktop/Robotics_System/install/youbot_description/share/youbot_description/urdf/sensors/hokuyo_urg04_laser.gazebo.xacro\n'}
[0.484463] (youbot_description) StdoutLine: {'line': b'-- Up-to-date: /home/bizare/Desktop/Robotics_System/install/youbot_description/share/youbot_description/urdf/materials.urdf.xacro\n'}
[0.487306] (youbot_description) StdoutLine: {'line': b'-- Up-to-date: /home/bizare/Desktop/Robotics_System/install/youbot_description/share/ament_index/resource_index/package_run_dependencies/youbot_description\n'}
[0.487509] (youbot_description) StdoutLine: {'line': b'-- Installing: /home/bizare/Desktop/Robotics_System/install/youbot_description/share/ament_index/resource_index/parent_prefix_path/youbot_description\n'}
[0.488127] (youbot_description) StdoutLine: {'line': b'-- Up-to-date: /home/bizare/Desktop/Robotics_System/install/youbot_description/share/youbot_description/environment/ament_prefix_path.sh\n'}
[0.488473] (youbot_description) StdoutLine: {'line': b'-- Up-to-date: /home/bizare/Desktop/Robotics_System/install/youbot_description/share/youbot_description/environment/ament_prefix_path.dsv\n'}
[0.488795] (youbot_description) StdoutLine: {'line': b'-- Up-to-date: /home/bizare/Desktop/Robotics_System/install/youbot_description/share/youbot_description/environment/path.sh\n'}
[0.489029] (youbot_description) StdoutLine: {'line': b'-- Up-to-date: /home/bizare/Desktop/Robotics_System/install/youbot_description/share/youbot_description/environment/path.dsv\n'}
[0.489285] (youbot_description) StdoutLine: {'line': b'-- Up-to-date: /home/bizare/Desktop/Robotics_System/install/youbot_description/share/youbot_description/local_setup.bash\n'}
[0.489676] (youbot_description) StdoutLine: {'line': b'-- Up-to-date: /home/bizare/Desktop/Robotics_System/install/youbot_description/share/youbot_description/local_setup.sh\n'}
[0.491619] (youbot_description) StdoutLine: {'line': b'-- Up-to-date: /home/bizare/Desktop/Robotics_System/install/youbot_description/share/youbot_description/local_setup.zsh\n'}
[0.491945] (youbot_description) StdoutLine: {'line': b'-- Up-to-date: /home/bizare/Desktop/Robotics_System/install/youbot_description/share/youbot_description/local_setup.dsv\n'}
[0.492085] (youbot_description) StdoutLine: {'line': b'-- Installing: /home/bizare/Desktop/Robotics_System/install/youbot_description/share/youbot_description/package.dsv\n'}
[0.492220] (youbot_description) StdoutLine: {'line': b'-- Up-to-date: /home/bizare/Desktop/Robotics_System/install/youbot_description/share/ament_index/resource_index/packages/youbot_description\n'}
[0.492354] (youbot_description) StdoutLine: {'line': b'-- Up-to-date: /home/bizare/Desktop/Robotics_System/install/youbot_description/share/youbot_description/cmake/youbot_descriptionConfig.cmake\n'}
[0.492525] (youbot_description) StdoutLine: {'line': b'-- Up-to-date: /home/bizare/Desktop/Robotics_System/install/youbot_description/share/youbot_description/cmake/youbot_descriptionConfig-version.cmake\n'}
[0.492658] (youbot_description) StdoutLine: {'line': b'-- Up-to-date: /home/bizare/Desktop/Robotics_System/install/youbot_description/share/youbot_description/package.xml\n'}
[0.492791] (cw1q4_interfaces) CommandEnded: {'returncode': 0}
[0.493701] (cw1q4_interfaces) JobProgress: {'identifier': 'cw1q4_interfaces', 'progress': 'install'}
[0.493750] (cw1q4_interfaces) Command: {'cmd': ['/usr/bin/cmake', '--install', '/home/bizare/Desktop/Robotics_System/build/cw1q4_interfaces'], 'cwd': '/home/bizare/Desktop/Robotics_System/build/cw1q4_interfaces', 'env': OrderedDict([('LESSOPEN', '| /usr/bin/lesspipe %s'), ('LANGUAGE', 'zh_CN:en'), ('USER', 'bizare'), ('LC_TIME', 'zh_CN.UTF-8'), ('SSH_AGENT_PID', '1851'), ('XDG_SESSION_TYPE', 'x11'), ('SHLVL', '1'), ('LD_LIBRARY_PATH', '/usr/lib/x86_64-linux-gnu/gazebo-11/plugins:/opt/ros/foxy/opt/yaml_cpp_vendor/lib:/opt/ros/foxy/opt/rviz_ogre_vendor/lib:/opt/ros/foxy/lib/x86_64-linux-gnu:/opt/ros/foxy/lib'), ('HOME', '/home/bizare'), ('DESKTOP_SESSION', 'ubuntu'), ('ROS_PYTHON_VERSION', '3'), ('GNOME_SHELL_SESSION_MODE', 'ubuntu'), ('GTK_MODULES', 'gail:atk-bridge'), ('LC_MONETARY', 'zh_CN.UTF-8'), ('MANAGERPID', '1677'), ('DBUS_STARTER_BUS_TYPE', 'session'), ('DBUS_SESSION_BUS_ADDRESS', 'unix:path=/run/user/1000/bus,guid=1cfdb6d9ed829f8d50c1f859691745b5'), ('COLORTERM', 'truecolor'), ('MANDATORY_PATH', '/usr/share/gconf/ubuntu.mandatory.path'), ('IM_CONFIG_PHASE', '1'), ('ROS_DISTRO', 'foxy'), ('LOGNAME', 'bizare'), ('JOURNAL_STREAM', '8:54213'), ('_', '/usr/bin/colcon'), ('ROS_VERSION', '2'), ('XDG_SESSION_CLASS', 'user'), ('DEFAULTS_PATH', '/usr/share/gconf/ubuntu.default.path'), ('USERNAME', 'bizare'), ('TERM', 'xterm-256color'), ('GNOME_DESKTOP_SESSION_ID', 'this-is-deprecated'), ('ROS_LOCALHOST_ONLY', '0'), ('WINDOWPATH', '2'), ('PATH', '/opt/ros/foxy/bin:/usr/local/sbin:/usr/local/bin:/usr/sbin:/usr/bin:/sbin:/bin:/usr/games:/usr/local/games:/snap/bin'), ('SESSION_MANAGER', 'local/ubuntu:@/tmp/.ICE-unix/1886,unix/ubuntu:/tmp/.ICE-unix/1886'), ('INVOCATION_ID', 'ccc7bdd77c704ecea5cf7918d7b741e6'), ('PAPERSIZE', 'a4'), ('XDG_MENU_PREFIX', 'gnome-'), ('LC_ADDRESS', 'zh_CN.UTF-8'), ('GNOME_TERMINAL_SCREEN', '/org/gnome/Terminal/screen/56b37eec_e7f9_4fd5_bf6b_5e31667dec85'), ('XDG_RUNTIME_DIR', '/run/user/1000'), ('DISPLAY', ':0'), ('LANG', 'zh_CN.UTF-8'), ('XDG_CURRENT_DESKTOP', 'ubuntu:GNOME'), ('LC_TELEPHONE', 'zh_CN.UTF-8'), ('XMODIFIERS', '@im=ibus'), ('XDG_SESSION_DESKTOP', 'ubuntu'), ('XAUTHORITY', '/run/user/1000/gdm/Xauthority'), ('LS_COLORS', 'rs=0:di=01;34:ln=01;36:mh=00:pi=40;33:so=01;35:do=01;35:bd=40;33;01:cd=40;33;01:or=40;31;01:mi=00:su=37;41:sg=30;43:ca=30;41:tw=30;42:ow=34;42:st=37;44:ex=01;32:*.tar=01;31:*.tgz=01;31:*.arc=01;31:*.arj=01;31:*.taz=01;31:*.lha=01;31:*.lz4=01;31:*.lzh=01;31:*.lzma=01;31:*.tlz=01;31:*.txz=01;31:*.tzo=01;31:*.t7z=01;31:*.zip=01;31:*.z=01;31:*.dz=01;31:*.gz=01;31:*.lrz=01;31:*.lz=01;31:*.lzo=01;31:*.xz=01;31:*.zst=01;31:*.tzst=01;31:*.bz2=01;31:*.bz=01;31:*.tbz=01;31:*.tbz2=01;31:*.tz=01;31:*.deb=01;31:*.rpm=01;31:*.jar=01;31:*.war=01;31:*.ear=01;31:*.sar=01;31:*.rar=01;31:*.alz=01;31:*.ace=01;31:*.zoo=01;31:*.cpio=01;31:*.7z=01;31:*.rz=01;31:*.cab=01;31:*.wim=01;31:*.swm=01;31:*.dwm=01;31:*.esd=01;31:*.jpg=01;35:*.jpeg=01;35:*.mjpg=01;35:*.mjpeg=01;35:*.gif=01;35:*.bmp=01;35:*.pbm=01;35:*.pgm=01;35:*.ppm=01;35:*.tga=01;35:*.xbm=01;35:*.xpm=01;35:*.tif=01;35:*.tiff=01;35:*.png=01;35:*.svg=01;35:*.svgz=01;35:*.mng=01;35:*.pcx=01;35:*.mov=01;35:*.mpg=01;35:*.mpeg=01;35:*.m2v=01;35:*.mkv=01;35:*.webm=01;35:*.ogm=01;35:*.mp4=01;35:*.m4v=01;35:*.mp4v=01;35:*.vob=01;35:*.qt=01;35:*.nuv=01;35:*.wmv=01;35:*.asf=01;35:*.rm=01;35:*.rmvb=01;35:*.flc=01;35:*.avi=01;35:*.fli=01;35:*.flv=01;35:*.gl=01;35:*.dl=01;35:*.xcf=01;35:*.xwd=01;35:*.yuv=01;35:*.cgm=01;35:*.emf=01;35:*.ogv=01;35:*.ogx=01;35:*.aac=00;36:*.au=00;36:*.flac=00;36:*.m4a=00;36:*.mid=00;36:*.midi=00;36:*.mka=00;36:*.mp3=00;36:*.mpc=00;36:*.ogg=00;36:*.ra=00;36:*.wav=00;36:*.oga=00;36:*.opus=00;36:*.spx=00;36:*.xspf=00;36:'), ('GNOME_TERMINAL_SERVICE', ':1.315'), ('SSH_AUTH_SOCK', '/run/user/1000/keyring/ssh'), ('AMENT_PREFIX_PATH', '/opt/ros/foxy'), ('SHELL', '/bin/bash'), ('LC_NAME', 'zh_CN.UTF-8'), ('QT_ACCESSIBILITY', '1'), ('GDMSESSION', 'ubuntu'), ('LESSCLOSE', '/usr/bin/lesspipe %s %s'), ('LC_MEASUREMENT', 'zh_CN.UTF-8'), ('GPG_AGENT_INFO', '/run/user/1000/gnupg/S.gpg-agent:0:1'), ('LC_IDENTIFICATION', 'zh_CN.UTF-8'), ('QT_IM_MODULE', 'ibus'), ('PWD', '/home/bizare/Desktop/Robotics_System/build/cw1q4_interfaces'), ('XDG_CONFIG_DIRS', '/etc/xdg/xdg-ubuntu:/etc/xdg'), ('DBUS_STARTER_ADDRESS', 'unix:path=/run/user/1000/bus,guid=1cfdb6d9ed829f8d50c1f859691745b5'), ('XDG_DATA_DIRS', '/usr/share/ubuntu:/usr/local/share/:/usr/share/:/var/lib/snapd/desktop'), ('PYTHONPATH', '/opt/ros/foxy/lib/python3.8/site-packages'), ('LC_NUMERIC', 'zh_CN.UTF-8'), ('LC_PAPER', 'zh_CN.UTF-8'), ('COLCON', '1'), ('VTE_VERSION', '6003'), ('CMAKE_PREFIX_PATH', '/opt/ros/foxy')]), 'shell': False}
[0.494222] (youbot_description) CommandEnded: {'returncode': 0}
[0.496975] (cw1q4_interfaces) StdoutLine: {'line': b'-- Install configuration: ""\n'}
[0.497432] (cw1q4_interfaces) StdoutLine: {'line': b'-- Up-to-date: /home/bizare/Desktop/Robotics_System/install/cw1q4_interfaces/share/ament_index/resource_index/rosidl_interfaces/cw1q4_interfaces\n'}
[0.498086] (cw1q4_interfaces) StdoutLine: {'line': b'-- Up-to-date: /home/bizare/Desktop/Robotics_System/install/cw1q4_interfaces/include/cw1q4_interfaces\n'}
[0.498463] (cw1q4_interfaces) StdoutLine: {'line': b'-- Up-to-date: /home/bizare/Desktop/Robotics_System/install/cw1q4_interfaces/include/cw1q4_interfaces/msg\n'}
[0.498986] (cw1q4_interfaces) StdoutLine: {'line': b'-- Up-to-date: /home/bizare/Desktop/Robotics_System/install/cw1q4_interfaces/include/cw1q4_interfaces/msg/rosidl_generator_c__visibility_control.h\n'}
[0.499402] (cw1q4_interfaces) StdoutLine: {'line': b'-- Up-to-date: /home/bizare/Desktop/Robotics_System/install/cw1q4_interfaces/include/cw1q4_interfaces/srv\n'}
[0.499562] (cw1q4_interfaces) StdoutLine: {'line': b'-- Up-to-date: /home/bizare/Desktop/Robotics_System/install/cw1q4_interfaces/include/cw1q4_interfaces/srv/detail\n'}
[0.499723] (cw1q4_interfaces) StdoutLine: {'line': b'-- Up-to-date: /home/bizare/Desktop/Robotics_System/install/cw1q4_interfaces/include/cw1q4_interfaces/srv/detail/quat_to_euler__functions.c\n'}
[0.500082] (cw1q4_interfaces) StdoutLine: {'line': b'-- Up-to-date: /home/bizare/Desktop/Robotics_System/install/cw1q4_interfaces/include/cw1q4_interfaces/srv/detail/quat_to_euler__type_support.h\n'}
[0.500225] (cw1q4_interfaces) StdoutLine: {'line': b'-- Up-to-date: /home/bizare/Desktop/Robotics_System/install/cw1q4_interfaces/include/cw1q4_interfaces/srv/detail/quat_to_euler__functions.h\n'}
[0.500415] (cw1q4_interfaces) StdoutLine: {'line': b'-- Up-to-date: /home/bizare/Desktop/Robotics_System/install/cw1q4_interfaces/include/cw1q4_interfaces/srv/detail/quat_to_rodrigues__struct.h\n'}
[0.500813] (cw1q4_interfaces) StdoutLine: {'line': b'-- Up-to-date: /home/bizare/Desktop/Robotics_System/install/cw1q4_interfaces/include/cw1q4_interfaces/srv/detail/quat_to_euler__struct.h\n'}
[0.500962] (cw1q4_interfaces) StdoutLine: {'line': b'-- Up-to-date: /home/bizare/Desktop/Robotics_System/install/cw1q4_interfaces/include/cw1q4_interfaces/srv/detail/quat_to_rodrigues__functions.c\n'}
[0.501144] (cw1q4_interfaces) StdoutLine: {'line': b'-- Up-to-date: /home/bizare/Desktop/Robotics_System/install/cw1q4_interfaces/include/cw1q4_interfaces/srv/detail/quat_to_rodrigues__functions.h\n'}
[0.503158] (-) TimerEvent: {}
[0.504013] (cw1q4_interfaces) StdoutLine: {'line': b'-- Up-to-date: /home/bizare/Desktop/Robotics_System/install/cw1q4_interfaces/include/cw1q4_interfaces/srv/detail/quat_to_rodrigues__type_support.h\n'}
[0.504346] (cw1q4_interfaces) StdoutLine: {'line': b'-- Up-to-date: /home/bizare/Desktop/Robotics_System/install/cw1q4_interfaces/include/cw1q4_interfaces/srv/quat_to_rodrigues.h\n'}
[0.504541] (cw1q4_interfaces) StdoutLine: {'line': b'-- Up-to-date: /home/bizare/Desktop/Robotics_System/install/cw1q4_interfaces/include/cw1q4_interfaces/srv/quat_to_euler.h\n'}
[0.504765] (cw1q4_interfaces) StdoutLine: {'line': b'-- Up-to-date: /home/bizare/Desktop/Robotics_System/install/cw1q4_interfaces/share/cw1q4_interfaces/environment/library_path.sh\n'}
[0.504985] (cw1q4_interfaces) StdoutLine: {'line': b'-- Up-to-date: /home/bizare/Desktop/Robotics_System/install/cw1q4_interfaces/share/cw1q4_interfaces/environment/library_path.dsv\n'}
[0.505715] (cw1q4_interfaces) StdoutLine: {'line': b'-- Up-to-date: /home/bizare/Desktop/Robotics_System/install/cw1q4_interfaces/lib/libcw1q4_interfaces__rosidl_generator_c.so\n'}
[0.505930] (cw1q4_interfaces) StdoutLine: {'line': b'-- Up-to-date: /home/bizare/Desktop/Robotics_System/install/cw1q4_interfaces/include/cw1q4_interfaces\n'}
[0.506068] (cw1q4_interfaces) StdoutLine: {'line': b'-- Up-to-date: /home/bizare/Desktop/Robotics_System/install/cw1q4_interfaces/include/cw1q4_interfaces/msg\n'}
[0.506591] (cw1q4_interfaces) StdoutLine: {'line': b'-- Up-to-date: /home/bizare/Desktop/Robotics_System/install/cw1q4_interfaces/include/cw1q4_interfaces/msg/rosidl_typesupport_fastrtps_c__visibility_control.h\n'}
[0.506747] (cw1q4_interfaces) StdoutLine: {'line': b'-- Up-to-date: /home/bizare/Desktop/Robotics_System/install/cw1q4_interfaces/include/cw1q4_interfaces/srv\n'}
[0.506893] (cw1q4_interfaces) StdoutLine: {'line': b'-- Up-to-date: /home/bizare/Desktop/Robotics_System/install/cw1q4_interfaces/include/cw1q4_interfaces/srv/detail\n'}
[0.507082] (cw1q4_interfaces) StdoutLine: {'line': b'-- Up-to-date: /home/bizare/Desktop/Robotics_System/install/cw1q4_interfaces/include/cw1q4_interfaces/srv/detail/quat_to_euler__rosidl_typesupport_fastrtps_c.h\n'}
[0.507307] (cw1q4_interfaces) StdoutLine: {'line': b'-- Up-to-date: /home/bizare/Desktop/Robotics_System/install/cw1q4_interfaces/include/cw1q4_interfaces/srv/detail/quat_to_rodrigues__rosidl_typesupport_fastrtps_c.h\n'}
[0.507452] (cw1q4_interfaces) StdoutLine: {'line': b'-- Up-to-date: /home/bizare/Desktop/Robotics_System/install/cw1q4_interfaces/lib/libcw1q4_interfaces__rosidl_typesupport_fastrtps_c.so\n'}
[0.507595] (cw1q4_interfaces) StdoutLine: {'line': b'-- Up-to-date: /home/bizare/Desktop/Robotics_System/install/cw1q4_interfaces/include/cw1q4_interfaces\n'}
[0.507737] (cw1q4_interfaces) StdoutLine: {'line': b'-- Up-to-date: /home/bizare/Desktop/Robotics_System/install/cw1q4_interfaces/include/cw1q4_interfaces/msg\n'}
[0.507878] (cw1q4_interfaces) StdoutLine: {'line': b'-- Up-to-date: /home/bizare/Desktop/Robotics_System/install/cw1q4_interfaces/include/cw1q4_interfaces/msg/rosidl_typesupport_fastrtps_cpp__visibility_control.h\n'}
[0.508017] (cw1q4_interfaces) StdoutLine: {'line': b'-- Up-to-date: /home/bizare/Desktop/Robotics_System/install/cw1q4_interfaces/include/cw1q4_interfaces/srv\n'}
[0.508190] (cw1q4_interfaces) StdoutLine: {'line': b'-- Up-to-date: /home/bizare/Desktop/Robotics_System/install/cw1q4_interfaces/include/cw1q4_interfaces/srv/detail\n'}
[0.508343] (cw1q4_interfaces) StdoutLine: {'line': b'-- Up-to-date: /home/bizare/Desktop/Robotics_System/install/cw1q4_interfaces/include/cw1q4_interfaces/srv/detail/quat_to_euler__rosidl_typesupport_fastrtps_cpp.hpp\n'}
[0.508485] (cw1q4_interfaces) StdoutLine: {'line': b'-- Up-to-date: /home/bizare/Desktop/Robotics_System/install/cw1q4_interfaces/include/cw1q4_interfaces/srv/detail/quat_to_rodrigues__rosidl_typesupport_fastrtps_cpp.hpp\n'}
[0.508626] (cw1q4_interfaces) StdoutLine: {'line': b'-- Up-to-date: /home/bizare/Desktop/Robotics_System/install/cw1q4_interfaces/include/cw1q4_interfaces/srv/detail/dds_fastrtps\n'}
[0.508803] (cw1q4_interfaces) StdoutLine: {'line': b'-- Up-to-date: /home/bizare/Desktop/Robotics_System/install/cw1q4_interfaces/lib/libcw1q4_interfaces__rosidl_typesupport_fastrtps_cpp.so\n'}
[0.509054] (cw1q4_interfaces) StdoutLine: {'line': b'-- Up-to-date: /home/bizare/Desktop/Robotics_System/install/cw1q4_interfaces/include/cw1q4_interfaces\n'}
[0.509278] (cw1q4_interfaces) StdoutLine: {'line': b'-- Up-to-date: /home/bizare/Desktop/Robotics_System/install/cw1q4_interfaces/include/cw1q4_interfaces/msg\n'}
[0.511924] (cw1q4_interfaces) StdoutLine: {'line': b'-- Up-to-date: /home/bizare/Desktop/Robotics_System/install/cw1q4_interfaces/include/cw1q4_interfaces/msg/rosidl_typesupport_introspection_c__visibility_control.h\n'}
[0.512096] (cw1q4_interfaces) StdoutLine: {'line': b'-- Up-to-date: /home/bizare/Desktop/Robotics_System/install/cw1q4_interfaces/include/cw1q4_interfaces/srv\n'}
[0.512251] (cw1q4_interfaces) StdoutLine: {'line': b'-- Up-to-date: /home/bizare/Desktop/Robotics_System/install/cw1q4_interfaces/include/cw1q4_interfaces/srv/detail\n'}
[0.512392] (cw1q4_interfaces) StdoutLine: {'line': b'-- Up-to-date: /home/bizare/Desktop/Robotics_System/install/cw1q4_interfaces/include/cw1q4_interfaces/srv/detail/quat_to_euler__rosidl_typesupport_introspection_c.h\n'}
[0.512532] (cw1q4_interfaces) StdoutLine: {'line': b'-- Up-to-date: /home/bizare/Desktop/Robotics_System/install/cw1q4_interfaces/include/cw1q4_interfaces/srv/detail/quat_to_rodrigues__rosidl_typesupport_introspection_c.h\n'}
[0.512681] (cw1q4_interfaces) StdoutLine: {'line': b'-- Up-to-date: /home/bizare/Desktop/Robotics_System/install/cw1q4_interfaces/include/cw1q4_interfaces/srv/detail/quat_to_euler__type_support.c\n'}
[0.512824] (cw1q4_interfaces) StdoutLine: {'line': b'-- Up-to-date: /home/bizare/Desktop/Robotics_System/install/cw1q4_interfaces/include/cw1q4_interfaces/srv/detail/quat_to_rodrigues__type_support.c\n'}
[0.512999] (cw1q4_interfaces) StdoutLine: {'line': b'-- Up-to-date: /home/bizare/Desktop/Robotics_System/install/cw1q4_interfaces/lib/libcw1q4_interfaces__rosidl_typesupport_introspection_c.so\n'}
[0.513139] (cw1q4_interfaces) StdoutLine: {'line': b'-- Up-to-date: /home/bizare/Desktop/Robotics_System/install/cw1q4_interfaces/lib/libcw1q4_interfaces__rosidl_typesupport_c.so\n'}
[0.513277] (cw1q4_interfaces) StdoutLine: {'line': b'-- Up-to-date: /home/bizare/Desktop/Robotics_System/install/cw1q4_interfaces/include/cw1q4_interfaces\n'}
[0.513429] (cw1q4_interfaces) StdoutLine: {'line': b'-- Up-to-date: /home/bizare/Desktop/Robotics_System/install/cw1q4_interfaces/include/cw1q4_interfaces/msg\n'}
[0.513565] (cw1q4_interfaces) StdoutLine: {'line': b'-- Up-to-date: /home/bizare/Desktop/Robotics_System/install/cw1q4_interfaces/include/cw1q4_interfaces/msg/rosidl_generator_cpp__visibility_control.hpp\n'}
[0.513713] (cw1q4_interfaces) StdoutLine: {'line': b'-- Up-to-date: /home/bizare/Desktop/Robotics_System/install/cw1q4_interfaces/include/cw1q4_interfaces/srv\n'}
[0.513855] (cw1q4_interfaces) StdoutLine: {'line': b'-- Up-to-date: /home/bizare/Desktop/Robotics_System/install/cw1q4_interfaces/include/cw1q4_interfaces/srv/quat_to_euler.hpp\n'}
[0.513996] (cw1q4_interfaces) StdoutLine: {'line': b'-- Up-to-date: /home/bizare/Desktop/Robotics_System/install/cw1q4_interfaces/include/cw1q4_interfaces/srv/detail\n'}
[0.514135] (cw1q4_interfaces) StdoutLine: {'line': b'-- Up-to-date: /home/bizare/Desktop/Robotics_System/install/cw1q4_interfaces/include/cw1q4_interfaces/srv/detail/quat_to_euler__struct.hpp\n'}
[0.514295] (cw1q4_interfaces) StdoutLine: {'line': b'-- Up-to-date: /home/bizare/Desktop/Robotics_System/install/cw1q4_interfaces/include/cw1q4_interfaces/srv/detail/quat_to_euler__builder.hpp\n'}
[0.514435] (cw1q4_interfaces) StdoutLine: {'line': b'-- Up-to-date: /home/bizare/Desktop/Robotics_System/install/cw1q4_interfaces/include/cw1q4_interfaces/srv/detail/quat_to_rodrigues__type_support.hpp\n'}
[0.514563] (cw1q4_interfaces) StdoutLine: {'line': b'-- Up-to-date: /home/bizare/Desktop/Robotics_System/install/cw1q4_interfaces/include/cw1q4_interfaces/srv/detail/quat_to_euler__type_support.hpp\n'}
[0.514639] (cw1q4_interfaces) StdoutLine: {'line': b'-- Up-to-date: /home/bizare/Desktop/Robotics_System/install/cw1q4_interfaces/include/cw1q4_interfaces/srv/detail/quat_to_euler__traits.hpp\n'}
[0.515968] (cw1q4_interfaces) StdoutLine: {'line': b'-- Up-to-date: /home/bizare/Desktop/Robotics_System/install/cw1q4_interfaces/include/cw1q4_interfaces/srv/detail/quat_to_rodrigues__struct.hpp\n'}
[0.516153] (cw1q4_interfaces) StdoutLine: {'line': b'-- Up-to-date: /home/bizare/Desktop/Robotics_System/install/cw1q4_interfaces/include/cw1q4_interfaces/srv/detail/quat_to_rodrigues__traits.hpp\n'}
[0.516310] (cw1q4_interfaces) StdoutLine: {'line': b'-- Up-to-date: /home/bizare/Desktop/Robotics_System/install/cw1q4_interfaces/include/cw1q4_interfaces/srv/detail/quat_to_rodrigues__builder.hpp\n'}
[0.516458] (cw1q4_interfaces) StdoutLine: {'line': b'-- Up-to-date: /home/bizare/Desktop/Robotics_System/install/cw1q4_interfaces/include/cw1q4_interfaces/srv/quat_to_rodrigues.hpp\n'}
[0.517760] (cw1q4_interfaces) StdoutLine: {'line': b'-- Up-to-date: /home/bizare/Desktop/Robotics_System/install/cw1q4_interfaces/include/cw1q4_interfaces\n'}
[0.518026] (cw1q4_interfaces) StdoutLine: {'line': b'-- Up-to-date: /home/bizare/Desktop/Robotics_System/install/cw1q4_interfaces/include/cw1q4_interfaces/srv\n'}
[0.518203] (cw1q4_interfaces) StdoutLine: {'line': b'-- Up-to-date: /home/bizare/Desktop/Robotics_System/install/cw1q4_interfaces/include/cw1q4_interfaces/srv/detail\n'}
[0.518352] (cw1q4_interfaces) StdoutLine: {'line': b'-- Up-to-date: /home/bizare/Desktop/Robotics_System/install/cw1q4_interfaces/include/cw1q4_interfaces/srv/detail/quat_to_rodrigues__rosidl_typesupport_introspection_cpp.hpp\n'}
[0.518587] (cw1q4_interfaces) StdoutLine: {'line': b'-- Up-to-date: /home/bizare/Desktop/Robotics_System/install/cw1q4_interfaces/include/cw1q4_interfaces/srv/detail/quat_to_euler__rosidl_typesupport_introspection_cpp.hpp\n'}
[0.518703] (cw1q4_interfaces) StdoutLine: {'line': b'-- Up-to-date: /home/bizare/Desktop/Robotics_System/install/cw1q4_interfaces/include/cw1q4_interfaces/srv/detail/quat_to_euler__type_support.cpp\n'}
[0.518762] (cw1q4_interfaces) StdoutLine: {'line': b'-- Up-to-date: /home/bizare/Desktop/Robotics_System/install/cw1q4_interfaces/include/cw1q4_interfaces/srv/detail/quat_to_rodrigues__type_support.cpp\n'}
[0.518818] (cw1q4_interfaces) StdoutLine: {'line': b'-- Up-to-date: /home/bizare/Desktop/Robotics_System/install/cw1q4_interfaces/lib/libcw1q4_interfaces__rosidl_typesupport_introspection_cpp.so\n'}
[0.518873] (cw1q4_interfaces) StdoutLine: {'line': b'-- Up-to-date: /home/bizare/Desktop/Robotics_System/install/cw1q4_interfaces/lib/libcw1q4_interfaces__rosidl_typesupport_cpp.so\n'}
[0.518928] (cw1q4_interfaces) StdoutLine: {'line': b'-- Up-to-date: /home/bizare/Desktop/Robotics_System/install/cw1q4_interfaces/share/cw1q4_interfaces/environment/pythonpath.sh\n'}
[0.518984] (cw1q4_interfaces) StdoutLine: {'line': b'-- Up-to-date: /home/bizare/Desktop/Robotics_System/install/cw1q4_interfaces/share/cw1q4_interfaces/environment/pythonpath.dsv\n'}
[0.519038] (cw1q4_interfaces) StdoutLine: {'line': b'-- Up-to-date: /home/bizare/Desktop/Robotics_System/install/cw1q4_interfaces/lib/python3.8/site-packages/cw1q4_interfaces/__init__.py\n'}
[0.529160] (youbot_description) JobEnded: {'identifier': 'youbot_description', 'rc': 0}
[0.531011] (youbot_simulator) JobStarted: {'identifier': 'youbot_simulator'}
[0.537200] (open_manipulator_description) CommandEnded: {'returncode': 0}
[0.538895] (open_manipulator_description) JobProgress: {'identifier': 'open_manipulator_description', 'progress': 'install'}
[0.539021] (cw1q4_interfaces) StdoutLine: {'line': b'-- Up-to-date: /home/bizare/Desktop/Robotics_System/install/cw1q4_interfaces/lib/python3.8/site-packages/cw1q4_interfaces/srv\n'}
[0.539336] (cw1q4_interfaces) StdoutLine: {'line': b'-- Up-to-date: /home/bizare/Desktop/Robotics_System/install/cw1q4_interfaces/lib/python3.8/site-packages/cw1q4_interfaces/srv/_quat_to_euler_s.c\n'}
[0.540257] (cw1q4_interfaces) StdoutLine: {'line': b'-- Up-to-date: /home/bizare/Desktop/Robotics_System/install/cw1q4_interfaces/lib/python3.8/site-packages/cw1q4_interfaces/srv/__init__.py\n'}
[0.540489] (cw1q4_interfaces) StdoutLine: {'line': b'-- Up-to-date: /home/bizare/Desktop/Robotics_System/install/cw1q4_interfaces/lib/python3.8/site-packages/cw1q4_interfaces/srv/_quat_to_euler.py\n'}
[0.540609] (cw1q4_interfaces) StdoutLine: {'line': b'-- Up-to-date: /home/bizare/Desktop/Robotics_System/install/cw1q4_interfaces/lib/python3.8/site-packages/cw1q4_interfaces/srv/_quat_to_rodrigues_s.c\n'}
[0.542781] (cw1q4_interfaces) StdoutLine: {'line': b'-- Up-to-date: /home/bizare/Desktop/Robotics_System/install/cw1q4_interfaces/lib/python3.8/site-packages/cw1q4_interfaces/srv/_quat_to_rodrigues.py\n'}
[0.543080] (open_manipulator_description) Command: {'cmd': ['/usr/bin/cmake', '--install', '/home/bizare/Desktop/Robotics_System/build/open_manipulator_description'], 'cwd': '/home/bizare/Desktop/Robotics_System/build/open_manipulator_description', 'env': OrderedDict([('LESSOPEN', '| /usr/bin/lesspipe %s'), ('LANGUAGE', 'zh_CN:en'), ('USER', 'bizare'), ('LC_TIME', 'zh_CN.UTF-8'), ('SSH_AGENT_PID', '1851'), ('XDG_SESSION_TYPE', 'x11'), ('SHLVL', '1'), ('LD_LIBRARY_PATH', '/usr/lib/x86_64-linux-gnu/gazebo-11/plugins:/opt/ros/foxy/opt/yaml_cpp_vendor/lib:/opt/ros/foxy/opt/rviz_ogre_vendor/lib:/opt/ros/foxy/lib/x86_64-linux-gnu:/opt/ros/foxy/lib'), ('HOME', '/home/bizare'), ('DESKTOP_SESSION', 'ubuntu'), ('ROS_PYTHON_VERSION', '3'), ('GNOME_SHELL_SESSION_MODE', 'ubuntu'), ('GTK_MODULES', 'gail:atk-bridge'), ('LC_MONETARY', 'zh_CN.UTF-8'), ('MANAGERPID', '1677'), ('DBUS_STARTER_BUS_TYPE', 'session'), ('DBUS_SESSION_BUS_ADDRESS', 'unix:path=/run/user/1000/bus,guid=1cfdb6d9ed829f8d50c1f859691745b5'), ('COLORTERM', 'truecolor'), ('MANDATORY_PATH', '/usr/share/gconf/ubuntu.mandatory.path'), ('IM_CONFIG_PHASE', '1'), ('ROS_DISTRO', 'foxy'), ('LOGNAME', 'bizare'), ('JOURNAL_STREAM', '8:54213'), ('_', '/usr/bin/colcon'), ('ROS_VERSION', '2'), ('XDG_SESSION_CLASS', 'user'), ('DEFAULTS_PATH', '/usr/share/gconf/ubuntu.default.path'), ('USERNAME', 'bizare'), ('TERM', 'xterm-256color'), ('GNOME_DESKTOP_SESSION_ID', 'this-is-deprecated'), ('ROS_LOCALHOST_ONLY', '0'), ('WINDOWPATH', '2'), ('PATH', '/opt/ros/foxy/bin:/usr/local/sbin:/usr/local/bin:/usr/sbin:/usr/bin:/sbin:/bin:/usr/games:/usr/local/games:/snap/bin'), ('SESSION_MANAGER', 'local/ubuntu:@/tmp/.ICE-unix/1886,unix/ubuntu:/tmp/.ICE-unix/1886'), ('INVOCATION_ID', 'ccc7bdd77c704ecea5cf7918d7b741e6'), ('PAPERSIZE', 'a4'), ('XDG_MENU_PREFIX', 'gnome-'), ('LC_ADDRESS', 'zh_CN.UTF-8'), ('GNOME_TERMINAL_SCREEN', '/org/gnome/Terminal/screen/56b37eec_e7f9_4fd5_bf6b_5e31667dec85'), ('XDG_RUNTIME_DIR', '/run/user/1000'), ('DISPLAY', ':0'), ('LANG', 'zh_CN.UTF-8'), ('XDG_CURRENT_DESKTOP', 'ubuntu:GNOME'), ('LC_TELEPHONE', 'zh_CN.UTF-8'), ('XMODIFIERS', '@im=ibus'), ('XDG_SESSION_DESKTOP', 'ubuntu'), ('XAUTHORITY', '/run/user/1000/gdm/Xauthority'), ('LS_COLORS', 'rs=0:di=01;34:ln=01;36:mh=00:pi=40;33:so=01;35:do=01;35:bd=40;33;01:cd=40;33;01:or=40;31;01:mi=00:su=37;41:sg=30;43:ca=30;41:tw=30;42:ow=34;42:st=37;44:ex=01;32:*.tar=01;31:*.tgz=01;31:*.arc=01;31:*.arj=01;31:*.taz=01;31:*.lha=01;31:*.lz4=01;31:*.lzh=01;31:*.lzma=01;31:*.tlz=01;31:*.txz=01;31:*.tzo=01;31:*.t7z=01;31:*.zip=01;31:*.z=01;31:*.dz=01;31:*.gz=01;31:*.lrz=01;31:*.lz=01;31:*.lzo=01;31:*.xz=01;31:*.zst=01;31:*.tzst=01;31:*.bz2=01;31:*.bz=01;31:*.tbz=01;31:*.tbz2=01;31:*.tz=01;31:*.deb=01;31:*.rpm=01;31:*.jar=01;31:*.war=01;31:*.ear=01;31:*.sar=01;31:*.rar=01;31:*.alz=01;31:*.ace=01;31:*.zoo=01;31:*.cpio=01;31:*.7z=01;31:*.rz=01;31:*.cab=01;31:*.wim=01;31:*.swm=01;31:*.dwm=01;31:*.esd=01;31:*.jpg=01;35:*.jpeg=01;35:*.mjpg=01;35:*.mjpeg=01;35:*.gif=01;35:*.bmp=01;35:*.pbm=01;35:*.pgm=01;35:*.ppm=01;35:*.tga=01;35:*.xbm=01;35:*.xpm=01;35:*.tif=01;35:*.tiff=01;35:*.png=01;35:*.svg=01;35:*.svgz=01;35:*.mng=01;35:*.pcx=01;35:*.mov=01;35:*.mpg=01;35:*.mpeg=01;35:*.m2v=01;35:*.mkv=01;35:*.webm=01;35:*.ogm=01;35:*.mp4=01;35:*.m4v=01;35:*.mp4v=01;35:*.vob=01;35:*.qt=01;35:*.nuv=01;35:*.wmv=01;35:*.asf=01;35:*.rm=01;35:*.rmvb=01;35:*.flc=01;35:*.avi=01;35:*.fli=01;35:*.flv=01;35:*.gl=01;35:*.dl=01;35:*.xcf=01;35:*.xwd=01;35:*.yuv=01;35:*.cgm=01;35:*.emf=01;35:*.ogv=01;35:*.ogx=01;35:*.aac=00;36:*.au=00;36:*.flac=00;36:*.m4a=00;36:*.mid=00;36:*.midi=00;36:*.mka=00;36:*.mp3=00;36:*.mpc=00;36:*.ogg=00;36:*.ra=00;36:*.wav=00;36:*.oga=00;36:*.opus=00;36:*.spx=00;36:*.xspf=00;36:'), ('GNOME_TERMINAL_SERVICE', ':1.315'), ('SSH_AUTH_SOCK', '/run/user/1000/keyring/ssh'), ('AMENT_PREFIX_PATH', '/opt/ros/foxy'), ('SHELL', '/bin/bash'), ('LC_NAME', 'zh_CN.UTF-8'), ('QT_ACCESSIBILITY', '1'), ('GDMSESSION', 'ubuntu'), ('LESSCLOSE', '/usr/bin/lesspipe %s %s'), ('LC_MEASUREMENT', 'zh_CN.UTF-8'), ('GPG_AGENT_INFO', '/run/user/1000/gnupg/S.gpg-agent:0:1'), ('LC_IDENTIFICATION', 'zh_CN.UTF-8'), ('QT_IM_MODULE', 'ibus'), ('PWD', '/home/bizare/Desktop/Robotics_System/build/open_manipulator_description'), ('XDG_CONFIG_DIRS', '/etc/xdg/xdg-ubuntu:/etc/xdg'), ('DBUS_STARTER_ADDRESS', 'unix:path=/run/user/1000/bus,guid=1cfdb6d9ed829f8d50c1f859691745b5'), ('XDG_DATA_DIRS', '/usr/share/ubuntu:/usr/local/share/:/usr/share/:/var/lib/snapd/desktop'), ('PYTHONPATH', '/opt/ros/foxy/lib/python3.8/site-packages'), ('LC_NUMERIC', 'zh_CN.UTF-8'), ('LC_PAPER', 'zh_CN.UTF-8'), ('COLCON', '1'), ('VTE_VERSION', '6003'), ('CMAKE_PREFIX_PATH', '/opt/ros/foxy')]), 'shell': False}
[0.543791] (cw1q4_interfaces) StdoutLine: {'line': b'-- Up-to-date: /home/bizare/Desktop/Robotics_System/install/cw1q4_interfaces/lib/python3.8/site-packages/cw1q4_interfaces/cw1q4_interfaces_s__rosidl_typesupport_fastrtps_c.cpython-38-x86_64-linux-gnu.so\n'}
[0.544458] (cw1q4_interfaces) StdoutLine: {'line': b'-- Up-to-date: /home/bizare/Desktop/Robotics_System/install/cw1q4_interfaces/lib/python3.8/site-packages/cw1q4_interfaces/cw1q4_interfaces_s__rosidl_typesupport_introspection_c.cpython-38-x86_64-linux-gnu.so\n'}
[0.545268] (cw1q4_interfaces) StdoutLine: {'line': b'-- Up-to-date: /home/bizare/Desktop/Robotics_System/install/cw1q4_interfaces/lib/python3.8/site-packages/cw1q4_interfaces/cw1q4_interfaces_s__rosidl_typesupport_c.cpython-38-x86_64-linux-gnu.so\n'}
[0.545505] (cw1q4_interfaces) StdoutLine: {'line': b'-- Up-to-date: /home/bizare/Desktop/Robotics_System/install/cw1q4_interfaces/lib/libcw1q4_interfaces__python.so\n'}
[0.545685] (cw1q4_interfaces) StdoutLine: {'line': b'-- Up-to-date: /home/bizare/Desktop/Robotics_System/install/cw1q4_interfaces/share/cw1q4_interfaces/srv/QuatToEuler.idl\n'}
[0.547600] (cw1q4_interfaces) StdoutLine: {'line': b'-- Up-to-date: /home/bizare/Desktop/Robotics_System/install/cw1q4_interfaces/share/cw1q4_interfaces/srv/QuatToRodrigues.idl\n'}
[0.547877] (cw1q4_interfaces) StdoutLine: {'line': b'-- Up-to-date: /home/bizare/Desktop/Robotics_System/install/cw1q4_interfaces/share/cw1q4_interfaces/srv/QuatToEuler.srv\n'}
[0.548955] (cw1q4_interfaces) StdoutLine: {'line': b'-- Up-to-date: /home/bizare/Desktop/Robotics_System/install/cw1q4_interfaces/share/cw1q4_interfaces/srv/QuatToEuler_Request.msg\n'}
[0.549286] (cw1q4_interfaces) StdoutLine: {'line': b'-- Up-to-date: /home/bizare/Desktop/Robotics_System/install/cw1q4_interfaces/share/cw1q4_interfaces/srv/QuatToEuler_Response.msg\n'}
[0.549612] (cw1q4_interfaces) StdoutLine: {'line': b'-- Up-to-date: /home/bizare/Desktop/Robotics_System/install/cw1q4_interfaces/share/cw1q4_interfaces/srv/QuatToRodrigues.srv\n'}
[0.549757] (cw1q4_interfaces) StdoutLine: {'line': b'-- Up-to-date: /home/bizare/Desktop/Robotics_System/install/cw1q4_interfaces/share/cw1q4_interfaces/srv/QuatToRodrigues_Request.msg\n'}
[0.549898] (cw1q4_interfaces) StdoutLine: {'line': b'-- Up-to-date: /home/bizare/Desktop/Robotics_System/install/cw1q4_interfaces/share/cw1q4_interfaces/srv/QuatToRodrigues_Response.msg\n'}
[0.550040] (cw1q4_interfaces) StdoutLine: {'line': b'-- Up-to-date: /home/bizare/Desktop/Robotics_System/install/cw1q4_interfaces/share/ament_index/resource_index/package_run_dependencies/cw1q4_interfaces\n'}
[0.550180] (cw1q4_interfaces) StdoutLine: {'line': b'-- Installing: /home/bizare/Desktop/Robotics_System/install/cw1q4_interfaces/share/ament_index/resource_index/parent_prefix_path/cw1q4_interfaces\n'}
[0.550322] (cw1q4_interfaces) StdoutLine: {'line': b'-- Up-to-date: /home/bizare/Desktop/Robotics_System/install/cw1q4_interfaces/share/cw1q4_interfaces/environment/ament_prefix_path.sh\n'}
[0.550470] (cw1q4_interfaces) StdoutLine: {'line': b'-- Up-to-date: /home/bizare/Desktop/Robotics_System/install/cw1q4_interfaces/share/cw1q4_interfaces/environment/ament_prefix_path.dsv\n'}
[0.550599] (cw1q4_interfaces) StdoutLine: {'line': b'-- Up-to-date: /home/bizare/Desktop/Robotics_System/install/cw1q4_interfaces/share/cw1q4_interfaces/environment/path.sh\n'}
[0.550656] (cw1q4_interfaces) StdoutLine: {'line': b'-- Up-to-date: /home/bizare/Desktop/Robotics_System/install/cw1q4_interfaces/share/cw1q4_interfaces/environment/path.dsv\n'}
[0.550711] (cw1q4_interfaces) StdoutLine: {'line': b'-- Up-to-date: /home/bizare/Desktop/Robotics_System/install/cw1q4_interfaces/share/cw1q4_interfaces/local_setup.bash\n'}
[0.550767] (cw1q4_interfaces) StdoutLine: {'line': b'-- Up-to-date: /home/bizare/Desktop/Robotics_System/install/cw1q4_interfaces/share/cw1q4_interfaces/local_setup.sh\n'}
[0.550822] (cw1q4_interfaces) StdoutLine: {'line': b'-- Up-to-date: /home/bizare/Desktop/Robotics_System/install/cw1q4_interfaces/share/cw1q4_interfaces/local_setup.zsh\n'}
[0.550901] (cw1q4_interfaces) StdoutLine: {'line': b'-- Up-to-date: /home/bizare/Desktop/Robotics_System/install/cw1q4_interfaces/share/cw1q4_interfaces/local_setup.dsv\n'}
[0.550961] (cw1q4_interfaces) StdoutLine: {'line': b'-- Installing: /home/bizare/Desktop/Robotics_System/install/cw1q4_interfaces/share/cw1q4_interfaces/package.dsv\n'}
[0.551016] (cw1q4_interfaces) StdoutLine: {'line': b'-- Up-to-date: /home/bizare/Desktop/Robotics_System/install/cw1q4_interfaces/share/ament_index/resource_index/packages/cw1q4_interfaces\n'}
[0.551090] (cw1q4_interfaces) StdoutLine: {'line': b'-- Up-to-date: /home/bizare/Desktop/Robotics_System/install/cw1q4_interfaces/share/cw1q4_interfaces/cmake/cw1q4_interfaces__rosidl_generator_cExport.cmake\n'}
[0.551271] (cw1q4_interfaces) StdoutLine: {'line': b'-- Up-to-date: /home/bizare/Desktop/Robotics_System/install/cw1q4_interfaces/share/cw1q4_interfaces/cmake/cw1q4_interfaces__rosidl_generator_cExport-noconfig.cmake\n'}
[0.551493] (cw1q4_interfaces) StdoutLine: {'line': b'-- Up-to-date: /home/bizare/Desktop/Robotics_System/install/cw1q4_interfaces/share/cw1q4_interfaces/cmake/cw1q4_interfaces__rosidl_typesupport_introspection_cExport.cmake\n'}
[0.552308] (cw1q4_interfaces) StdoutLine: {'line': b'-- Up-to-date: /home/bizare/Desktop/Robotics_System/install/cw1q4_interfaces/share/cw1q4_interfaces/cmake/cw1q4_interfaces__rosidl_typesupport_introspection_cExport-noconfig.cmake\n'}
[0.552947] (cw1q4_interfaces) StdoutLine: {'line': b'-- Up-to-date: /home/bizare/Desktop/Robotics_System/install/cw1q4_interfaces/share/cw1q4_interfaces/cmake/cw1q4_interfaces__rosidl_typesupport_cExport.cmake\n'}
[0.556756] (cw1q4_interfaces) StdoutLine: {'line': b'-- Up-to-date: /home/bizare/Desktop/Robotics_System/install/cw1q4_interfaces/share/cw1q4_interfaces/cmake/cw1q4_interfaces__rosidl_typesupport_cExport-noconfig.cmake\n'}
[0.557077] (cw1q4_interfaces) StdoutLine: {'line': b'-- Up-to-date: /home/bizare/Desktop/Robotics_System/install/cw1q4_interfaces/share/cw1q4_interfaces/cmake/cw1q4_interfaces__rosidl_generator_cppExport.cmake\n'}
[0.557249] (cw1q4_interfaces) StdoutLine: {'line': b'-- Up-to-date: /home/bizare/Desktop/Robotics_System/install/cw1q4_interfaces/share/cw1q4_interfaces/cmake/cw1q4_interfaces__rosidl_typesupport_introspection_cppExport.cmake\n'}
[0.557411] (cw1q4_interfaces) StdoutLine: {'line': b'-- Up-to-date: /home/bizare/Desktop/Robotics_System/install/cw1q4_interfaces/share/cw1q4_interfaces/cmake/cw1q4_interfaces__rosidl_typesupport_introspection_cppExport-noconfig.cmake\n'}
[0.557568] (cw1q4_interfaces) StdoutLine: {'line': b'-- Up-to-date: /home/bizare/Desktop/Robotics_System/install/cw1q4_interfaces/share/cw1q4_interfaces/cmake/cw1q4_interfaces__rosidl_typesupport_cppExport.cmake\n'}
[0.557722] (cw1q4_interfaces) StdoutLine: {'line': b'-- Up-to-date: /home/bizare/Desktop/Robotics_System/install/cw1q4_interfaces/share/cw1q4_interfaces/cmake/cw1q4_interfaces__rosidl_typesupport_cppExport-noconfig.cmake\n'}
[0.557879] (cw1q4_interfaces) StdoutLine: {'line': b'-- Up-to-date: /home/bizare/Desktop/Robotics_System/install/cw1q4_interfaces/share/cw1q4_interfaces/cmake/rosidl_cmake-extras.cmake\n'}
[0.558025] (cw1q4_interfaces) StdoutLine: {'line': b'-- Up-to-date: /home/bizare/Desktop/Robotics_System/install/cw1q4_interfaces/share/cw1q4_interfaces/cmake/ament_cmake_export_dependencies-extras.cmake\n'}
[0.558169] (cw1q4_interfaces) StdoutLine: {'line': b'-- Up-to-date: /home/bizare/Desktop/Robotics_System/install/cw1q4_interfaces/share/cw1q4_interfaces/cmake/ament_cmake_export_libraries-extras.cmake\n'}
[0.558322] (cw1q4_interfaces) StdoutLine: {'line': b'-- Up-to-date: /home/bizare/Desktop/Robotics_System/install/cw1q4_interfaces/share/cw1q4_interfaces/cmake/ament_cmake_export_targets-extras.cmake\n'}
[0.558467] (cw1q4_interfaces) StdoutLine: {'line': b'-- Up-to-date: /home/bizare/Desktop/Robotics_System/install/cw1q4_interfaces/share/cw1q4_interfaces/cmake/ament_cmake_export_include_directories-extras.cmake\n'}
[0.558623] (cw1q4_interfaces) StdoutLine: {'line': b'-- Up-to-date: /home/bizare/Desktop/Robotics_System/install/cw1q4_interfaces/share/cw1q4_interfaces/cmake/rosidl_cmake_export_typesupport_libraries-extras.cmake\n'}
[0.558761] (cw1q4_interfaces) StdoutLine: {'line': b'-- Up-to-date: /home/bizare/Desktop/Robotics_System/install/cw1q4_interfaces/share/cw1q4_interfaces/cmake/rosidl_cmake_export_typesupport_targets-extras.cmake\n'}
[0.558910] (cw1q4_interfaces) StdoutLine: {'line': b'-- Up-to-date: /home/bizare/Desktop/Robotics_System/install/cw1q4_interfaces/share/cw1q4_interfaces/cmake/cw1q4_interfacesConfig.cmake\n'}
[0.559057] (cw1q4_interfaces) StdoutLine: {'line': b'-- Up-to-date: /home/bizare/Desktop/Robotics_System/install/cw1q4_interfaces/share/cw1q4_interfaces/cmake/cw1q4_interfacesConfig-version.cmake\n'}
[0.559196] (cw1q4_interfaces) StdoutLine: {'line': b'-- Up-to-date: /home/bizare/Desktop/Robotics_System/install/cw1q4_interfaces/share/cw1q4_interfaces/package.xml\n'}
[0.559516] (youbot_simulator) JobProgress: {'identifier': 'youbot_simulator', 'progress': 'cmake'}
[0.559566] (open_manipulator_description) StdoutLine: {'line': b'-- Install configuration: ""\n'}
[0.560517] (open_manipulator_description) StdoutLine: {'line': b'-- Up-to-date: /home/bizare/Desktop/Robotics_System/install/open_manipulator_description/share/open_manipulator_description/launch\n'}
[0.560665] (open_manipulator_description) StdoutLine: {'line': b'-- Up-to-date: /home/bizare/Desktop/Robotics_System/install/open_manipulator_description/share/open_manipulator_description/launch/open_manipulator_model.launch\n'}
[0.560831] (open_manipulator_description) StdoutLine: {'line': b'-- Up-to-date: /home/bizare/Desktop/Robotics_System/install/open_manipulator_description/share/open_manipulator_description/launch/open_manipulator_rviz.launch\n'}
[0.560942] (open_manipulator_description) StdoutLine: {'line': b'-- Up-to-date: /home/bizare/Desktop/Robotics_System/install/open_manipulator_description/share/open_manipulator_description/meshes\n'}
[0.561051] (open_manipulator_description) StdoutLine: {'line': b'-- Up-to-date: /home/bizare/Desktop/Robotics_System/install/open_manipulator_description/share/open_manipulator_description/meshes/chain_link4.stl\n'}
[0.561136] (open_manipulator_description) StdoutLine: {'line': b'-- Up-to-date: /home/bizare/Desktop/Robotics_System/install/open_manipulator_description/share/open_manipulator_description/meshes/chain_link3.stl\n'}
[0.561378] (open_manipulator_description) StdoutLine: {'line': b'-- Up-to-date: /home/bizare/Desktop/Robotics_System/install/open_manipulator_description/share/open_manipulator_description/meshes/chain_link5.stl\n'}
[0.561528] (open_manipulator_description) StdoutLine: {'line': b'-- Up-to-date: /home/bizare/Desktop/Robotics_System/install/open_manipulator_description/share/open_manipulator_description/meshes/chain_link2.stl\n'}
[0.561652] (open_manipulator_description) StdoutLine: {'line': b'-- Up-to-date: /home/bizare/Desktop/Robotics_System/install/open_manipulator_description/share/open_manipulator_description/meshes/chain_link_grip_r.stl\n'}
[0.561865] (open_manipulator_description) StdoutLine: {'line': b'-- Up-to-date: /home/bizare/Desktop/Robotics_System/install/open_manipulator_description/share/open_manipulator_description/meshes/chain_link1.stl\n'}
[0.562011] (open_manipulator_description) StdoutLine: {'line': b'-- Up-to-date: /home/bizare/Desktop/Robotics_System/install/open_manipulator_description/share/open_manipulator_description/meshes/chain_link_grip_l.stl\n'}
[0.562123] (open_manipulator_description) StdoutLine: {'line': b'-- Up-to-date: /home/bizare/Desktop/Robotics_System/install/open_manipulator_description/share/open_manipulator_description/rviz\n'}
[0.562276] (open_manipulator_description) StdoutLine: {'line': b'-- Up-to-date: /home/bizare/Desktop/Robotics_System/install/open_manipulator_description/share/open_manipulator_description/rviz/open_manipulator_links_hidden11.rviz\n'}
[0.562391] (open_manipulator_description) StdoutLine: {'line': b'-- Up-to-date: /home/bizare/Desktop/Robotics_System/install/open_manipulator_description/share/open_manipulator_description/rviz/open_manipulator_links_hidden.rviz\n'}
[0.562503] (open_manipulator_description) StdoutLine: {'line': b'-- Up-to-date: /home/bizare/Desktop/Robotics_System/install/open_manipulator_description/share/open_manipulator_description/rviz/open_manipulator.rviz\n'}
[0.562613] (open_manipulator_description) StdoutLine: {'line': b'-- Up-to-date: /home/bizare/Desktop/Robotics_System/install/open_manipulator_description/share/open_manipulator_description/rviz/open_manipulator11.rviz\n'}
[0.562696] (open_manipulator_description) StdoutLine: {'line': b'-- Up-to-date: /home/bizare/Desktop/Robotics_System/install/open_manipulator_description/share/open_manipulator_description/urdf\n'}
[0.562753] (open_manipulator_description) StdoutLine: {'line': b'-- Up-to-date: /home/bizare/Desktop/Robotics_System/install/open_manipulator_description/share/open_manipulator_description/urdf/open_manipulator.gazebo.xacro\n'}
[0.562835] (open_manipulator_description) StdoutLine: {'line': b'-- Up-to-date: /home/bizare/Desktop/Robotics_System/install/open_manipulator_description/share/open_manipulator_description/urdf/materials.xacro\n'}
[0.562892] (open_manipulator_description) StdoutLine: {'line': b'-- Up-to-date: /home/bizare/Desktop/Robotics_System/install/open_manipulator_description/share/open_manipulator_description/urdf/open_manipulator.urdf.xacro\n'}
[0.562948] (open_manipulator_description) StdoutLine: {'line': b'-- Up-to-date: /home/bizare/Desktop/Robotics_System/install/open_manipulator_description/share/ament_index/resource_index/package_run_dependencies/open_manipulator_description\n'}
[0.563012] (open_manipulator_description) StdoutLine: {'line': b'-- Installing: /home/bizare/Desktop/Robotics_System/install/open_manipulator_description/share/ament_index/resource_index/parent_prefix_path/open_manipulator_description\n'}
[0.563071] (youbot_simulator) JobProgress: {'identifier': 'youbot_simulator', 'progress': 'build'}
[0.563093] (open_manipulator_description) StdoutLine: {'line': b'-- Up-to-date: /home/bizare/Desktop/Robotics_System/install/open_manipulator_description/share/open_manipulator_description/environment/ament_prefix_path.sh\n'}
[0.563150] (open_manipulator_description) StdoutLine: {'line': b'-- Up-to-date: /home/bizare/Desktop/Robotics_System/install/open_manipulator_description/share/open_manipulator_description/environment/ament_prefix_path.dsv\n'}
[0.563205] (open_manipulator_description) StdoutLine: {'line': b'-- Up-to-date: /home/bizare/Desktop/Robotics_System/install/open_manipulator_description/share/open_manipulator_description/environment/path.sh\n'}
[0.563273] (open_manipulator_description) StdoutLine: {'line': b'-- Up-to-date: /home/bizare/Desktop/Robotics_System/install/open_manipulator_description/share/open_manipulator_description/environment/path.dsv\n'}
[0.563358] (open_manipulator_description) StdoutLine: {'line': b'-- Up-to-date: /home/bizare/Desktop/Robotics_System/install/open_manipulator_description/share/open_manipulator_description/local_setup.bash\n'}
[0.563440] (open_manipulator_description) StdoutLine: {'line': b'-- Up-to-date: /home/bizare/Desktop/Robotics_System/install/open_manipulator_description/share/open_manipulator_description/local_setup.sh\n'}
[0.563496] (open_manipulator_description) StdoutLine: {'line': b'-- Up-to-date: /home/bizare/Desktop/Robotics_System/install/open_manipulator_description/share/open_manipulator_description/local_setup.zsh\n'}
[0.563772] (youbot_simulator) Command: {'cmd': ['/usr/bin/cmake', '--build', '/home/bizare/Desktop/Robotics_System/build/youbot_simulator', '--', '-j8', '-l8'], 'cwd': '/home/bizare/Desktop/Robotics_System/build/youbot_simulator', 'env': OrderedDict([('LESSOPEN', '| /usr/bin/lesspipe %s'), ('LANGUAGE', 'zh_CN:en'), ('USER', 'bizare'), ('LC_TIME', 'zh_CN.UTF-8'), ('SSH_AGENT_PID', '1851'), ('XDG_SESSION_TYPE', 'x11'), ('SHLVL', '1'), ('LD_LIBRARY_PATH', '/usr/lib/x86_64-linux-gnu/gazebo-11/plugins:/opt/ros/foxy/opt/yaml_cpp_vendor/lib:/opt/ros/foxy/opt/rviz_ogre_vendor/lib:/opt/ros/foxy/lib/x86_64-linux-gnu:/opt/ros/foxy/lib'), ('HOME', '/home/bizare'), ('DESKTOP_SESSION', 'ubuntu'), ('ROS_PYTHON_VERSION', '3'), ('GNOME_SHELL_SESSION_MODE', 'ubuntu'), ('GTK_MODULES', 'gail:atk-bridge'), ('LC_MONETARY', 'zh_CN.UTF-8'), ('MANAGERPID', '1677'), ('DBUS_STARTER_BUS_TYPE', 'session'), ('DBUS_SESSION_BUS_ADDRESS', 'unix:path=/run/user/1000/bus,guid=1cfdb6d9ed829f8d50c1f859691745b5'), ('COLORTERM', 'truecolor'), ('MANDATORY_PATH', '/usr/share/gconf/ubuntu.mandatory.path'), ('IM_CONFIG_PHASE', '1'), ('ROS_DISTRO', 'foxy'), ('LOGNAME', 'bizare'), ('JOURNAL_STREAM', '8:54213'), ('_', '/usr/bin/colcon'), ('ROS_VERSION', '2'), ('XDG_SESSION_CLASS', 'user'), ('DEFAULTS_PATH', '/usr/share/gconf/ubuntu.default.path'), ('USERNAME', 'bizare'), ('TERM', 'xterm-256color'), ('GNOME_DESKTOP_SESSION_ID', 'this-is-deprecated'), ('ROS_LOCALHOST_ONLY', '0'), ('WINDOWPATH', '2'), ('PATH', '/opt/ros/foxy/bin:/usr/local/sbin:/usr/local/bin:/usr/sbin:/usr/bin:/sbin:/bin:/usr/games:/usr/local/games:/snap/bin'), ('SESSION_MANAGER', 'local/ubuntu:@/tmp/.ICE-unix/1886,unix/ubuntu:/tmp/.ICE-unix/1886'), ('INVOCATION_ID', 'ccc7bdd77c704ecea5cf7918d7b741e6'), ('PAPERSIZE', 'a4'), ('XDG_MENU_PREFIX', 'gnome-'), ('LC_ADDRESS', 'zh_CN.UTF-8'), ('GNOME_TERMINAL_SCREEN', '/org/gnome/Terminal/screen/56b37eec_e7f9_4fd5_bf6b_5e31667dec85'), ('XDG_RUNTIME_DIR', '/run/user/1000'), ('DISPLAY', ':0'), ('LANG', 'zh_CN.UTF-8'), ('XDG_CURRENT_DESKTOP', 'ubuntu:GNOME'), ('LC_TELEPHONE', 'zh_CN.UTF-8'), ('XMODIFIERS', '@im=ibus'), ('XDG_SESSION_DESKTOP', 'ubuntu'), ('XAUTHORITY', '/run/user/1000/gdm/Xauthority'), ('LS_COLORS', 'rs=0:di=01;34:ln=01;36:mh=00:pi=40;33:so=01;35:do=01;35:bd=40;33;01:cd=40;33;01:or=40;31;01:mi=00:su=37;41:sg=30;43:ca=30;41:tw=30;42:ow=34;42:st=37;44:ex=01;32:*.tar=01;31:*.tgz=01;31:*.arc=01;31:*.arj=01;31:*.taz=01;31:*.lha=01;31:*.lz4=01;31:*.lzh=01;31:*.lzma=01;31:*.tlz=01;31:*.txz=01;31:*.tzo=01;31:*.t7z=01;31:*.zip=01;31:*.z=01;31:*.dz=01;31:*.gz=01;31:*.lrz=01;31:*.lz=01;31:*.lzo=01;31:*.xz=01;31:*.zst=01;31:*.tzst=01;31:*.bz2=01;31:*.bz=01;31:*.tbz=01;31:*.tbz2=01;31:*.tz=01;31:*.deb=01;31:*.rpm=01;31:*.jar=01;31:*.war=01;31:*.ear=01;31:*.sar=01;31:*.rar=01;31:*.alz=01;31:*.ace=01;31:*.zoo=01;31:*.cpio=01;31:*.7z=01;31:*.rz=01;31:*.cab=01;31:*.wim=01;31:*.swm=01;31:*.dwm=01;31:*.esd=01;31:*.jpg=01;35:*.jpeg=01;35:*.mjpg=01;35:*.mjpeg=01;35:*.gif=01;35:*.bmp=01;35:*.pbm=01;35:*.pgm=01;35:*.ppm=01;35:*.tga=01;35:*.xbm=01;35:*.xpm=01;35:*.tif=01;35:*.tiff=01;35:*.png=01;35:*.svg=01;35:*.svgz=01;35:*.mng=01;35:*.pcx=01;35:*.mov=01;35:*.mpg=01;35:*.mpeg=01;35:*.m2v=01;35:*.mkv=01;35:*.webm=01;35:*.ogm=01;35:*.mp4=01;35:*.m4v=01;35:*.mp4v=01;35:*.vob=01;35:*.qt=01;35:*.nuv=01;35:*.wmv=01;35:*.asf=01;35:*.rm=01;35:*.rmvb=01;35:*.flc=01;35:*.avi=01;35:*.fli=01;35:*.flv=01;35:*.gl=01;35:*.dl=01;35:*.xcf=01;35:*.xwd=01;35:*.yuv=01;35:*.cgm=01;35:*.emf=01;35:*.ogv=01;35:*.ogx=01;35:*.aac=00;36:*.au=00;36:*.flac=00;36:*.m4a=00;36:*.mid=00;36:*.midi=00;36:*.mka=00;36:*.mp3=00;36:*.mpc=00;36:*.ogg=00;36:*.ra=00;36:*.wav=00;36:*.oga=00;36:*.opus=00;36:*.spx=00;36:*.xspf=00;36:'), ('GNOME_TERMINAL_SERVICE', ':1.315'), ('SSH_AUTH_SOCK', '/run/user/1000/keyring/ssh'), ('AMENT_PREFIX_PATH', '/home/bizare/Desktop/Robotics_System/install/youbot_description:/opt/ros/foxy'), ('SHELL', '/bin/bash'), ('LC_NAME', 'zh_CN.UTF-8'), ('QT_ACCESSIBILITY', '1'), ('GDMSESSION', 'ubuntu'), ('LESSCLOSE', '/usr/bin/lesspipe %s %s'), ('LC_MEASUREMENT', 'zh_CN.UTF-8'), ('GPG_AGENT_INFO', '/run/user/1000/gnupg/S.gpg-agent:0:1'), ('LC_IDENTIFICATION', 'zh_CN.UTF-8'), ('QT_IM_MODULE', 'ibus'), ('PWD', '/home/bizare/Desktop/Robotics_System/build/youbot_simulator'), ('XDG_CONFIG_DIRS', '/etc/xdg/xdg-ubuntu:/etc/xdg'), ('DBUS_STARTER_ADDRESS', 'unix:path=/run/user/1000/bus,guid=1cfdb6d9ed829f8d50c1f859691745b5'), ('XDG_DATA_DIRS', '/usr/share/ubuntu:/usr/local/share/:/usr/share/:/var/lib/snapd/desktop'), ('PYTHONPATH', '/opt/ros/foxy/lib/python3.8/site-packages'), ('LC_NUMERIC', 'zh_CN.UTF-8'), ('LC_PAPER', 'zh_CN.UTF-8'), ('COLCON', '1'), ('VTE_VERSION', '6003'), ('CMAKE_PREFIX_PATH', '/opt/ros/foxy:/home/bizare/Desktop/Robotics_System/install/youbot_description')]), 'shell': False}
[0.567648] (open_manipulator_description) StdoutLine: {'line': b'-- Up-to-date: /home/bizare/Desktop/Robotics_System/install/open_manipulator_description/share/open_manipulator_description/local_setup.dsv\n'}
[0.567748] (open_manipulator_description) StdoutLine: {'line': b'-- Installing: /home/bizare/Desktop/Robotics_System/install/open_manipulator_description/share/open_manipulator_description/package.dsv\n'}
[0.567827] (open_manipulator_description) StdoutLine: {'line': b'-- Up-to-date: /home/bizare/Desktop/Robotics_System/install/open_manipulator_description/share/ament_index/resource_index/packages/open_manipulator_description\n'}
[0.567885] (open_manipulator_description) StdoutLine: {'line': b'-- Up-to-date: /home/bizare/Desktop/Robotics_System/install/open_manipulator_description/share/open_manipulator_description/cmake/open_manipulator_descriptionConfig.cmake\n'}
[0.567941] (open_manipulator_description) StdoutLine: {'line': b'-- Up-to-date: /home/bizare/Desktop/Robotics_System/install/open_manipulator_description/share/open_manipulator_description/cmake/open_manipulator_descriptionConfig-version.cmake\n'}
[0.567997] (open_manipulator_description) StdoutLine: {'line': b'-- Up-to-date: /home/bizare/Desktop/Robotics_System/install/open_manipulator_description/share/open_manipulator_description/package.xml\n'}
[0.568074] (cw1q4_interfaces) CommandEnded: {'returncode': 0}
[0.602522] (cw1q4_interfaces) JobEnded: {'identifier': 'cw1q4_interfaces', 'rc': 0}
[0.603042] (open_manipulator_description) CommandEnded: {'returncode': 0}
[0.603364] (-) TimerEvent: {}
[0.622618] (open_manipulator_description) JobEnded: {'identifier': 'open_manipulator_description', 'rc': 0}
[0.624436] (youbot_simulator) CommandEnded: {'returncode': 0}
[0.626004] (youbot_simulator) JobProgress: {'identifier': 'youbot_simulator', 'progress': 'install'}
[0.628705] (youbot_simulator) Command: {'cmd': ['/usr/bin/cmake', '--install', '/home/bizare/Desktop/Robotics_System/build/youbot_simulator'], 'cwd': '/home/bizare/Desktop/Robotics_System/build/youbot_simulator', 'env': OrderedDict([('LESSOPEN', '| /usr/bin/lesspipe %s'), ('LANGUAGE', 'zh_CN:en'), ('USER', 'bizare'), ('LC_TIME', 'zh_CN.UTF-8'), ('SSH_AGENT_PID', '1851'), ('XDG_SESSION_TYPE', 'x11'), ('SHLVL', '1'), ('LD_LIBRARY_PATH', '/usr/lib/x86_64-linux-gnu/gazebo-11/plugins:/opt/ros/foxy/opt/yaml_cpp_vendor/lib:/opt/ros/foxy/opt/rviz_ogre_vendor/lib:/opt/ros/foxy/lib/x86_64-linux-gnu:/opt/ros/foxy/lib'), ('HOME', '/home/bizare'), ('DESKTOP_SESSION', 'ubuntu'), ('ROS_PYTHON_VERSION', '3'), ('GNOME_SHELL_SESSION_MODE', 'ubuntu'), ('GTK_MODULES', 'gail:atk-bridge'), ('LC_MONETARY', 'zh_CN.UTF-8'), ('MANAGERPID', '1677'), ('DBUS_STARTER_BUS_TYPE', 'session'), ('DBUS_SESSION_BUS_ADDRESS', 'unix:path=/run/user/1000/bus,guid=1cfdb6d9ed829f8d50c1f859691745b5'), ('COLORTERM', 'truecolor'), ('MANDATORY_PATH', '/usr/share/gconf/ubuntu.mandatory.path'), ('IM_CONFIG_PHASE', '1'), ('ROS_DISTRO', 'foxy'), ('LOGNAME', 'bizare'), ('JOURNAL_STREAM', '8:54213'), ('_', '/usr/bin/colcon'), ('ROS_VERSION', '2'), ('XDG_SESSION_CLASS', 'user'), ('DEFAULTS_PATH', '/usr/share/gconf/ubuntu.default.path'), ('USERNAME', 'bizare'), ('TERM', 'xterm-256color'), ('GNOME_DESKTOP_SESSION_ID', 'this-is-deprecated'), ('ROS_LOCALHOST_ONLY', '0'), ('WINDOWPATH', '2'), ('PATH', '/opt/ros/foxy/bin:/usr/local/sbin:/usr/local/bin:/usr/sbin:/usr/bin:/sbin:/bin:/usr/games:/usr/local/games:/snap/bin'), ('SESSION_MANAGER', 'local/ubuntu:@/tmp/.ICE-unix/1886,unix/ubuntu:/tmp/.ICE-unix/1886'), ('INVOCATION_ID', 'ccc7bdd77c704ecea5cf7918d7b741e6'), ('PAPERSIZE', 'a4'), ('XDG_MENU_PREFIX', 'gnome-'), ('LC_ADDRESS', 'zh_CN.UTF-8'), ('GNOME_TERMINAL_SCREEN', '/org/gnome/Terminal/screen/56b37eec_e7f9_4fd5_bf6b_5e31667dec85'), ('XDG_RUNTIME_DIR', '/run/user/1000'), ('DISPLAY', ':0'), ('LANG', 'zh_CN.UTF-8'), ('XDG_CURRENT_DESKTOP', 'ubuntu:GNOME'), ('LC_TELEPHONE', 'zh_CN.UTF-8'), ('XMODIFIERS', '@im=ibus'), ('XDG_SESSION_DESKTOP', 'ubuntu'), ('XAUTHORITY', '/run/user/1000/gdm/Xauthority'), ('LS_COLORS', 'rs=0:di=01;34:ln=01;36:mh=00:pi=40;33:so=01;35:do=01;35:bd=40;33;01:cd=40;33;01:or=40;31;01:mi=00:su=37;41:sg=30;43:ca=30;41:tw=30;42:ow=34;42:st=37;44:ex=01;32:*.tar=01;31:*.tgz=01;31:*.arc=01;31:*.arj=01;31:*.taz=01;31:*.lha=01;31:*.lz4=01;31:*.lzh=01;31:*.lzma=01;31:*.tlz=01;31:*.txz=01;31:*.tzo=01;31:*.t7z=01;31:*.zip=01;31:*.z=01;31:*.dz=01;31:*.gz=01;31:*.lrz=01;31:*.lz=01;31:*.lzo=01;31:*.xz=01;31:*.zst=01;31:*.tzst=01;31:*.bz2=01;31:*.bz=01;31:*.tbz=01;31:*.tbz2=01;31:*.tz=01;31:*.deb=01;31:*.rpm=01;31:*.jar=01;31:*.war=01;31:*.ear=01;31:*.sar=01;31:*.rar=01;31:*.alz=01;31:*.ace=01;31:*.zoo=01;31:*.cpio=01;31:*.7z=01;31:*.rz=01;31:*.cab=01;31:*.wim=01;31:*.swm=01;31:*.dwm=01;31:*.esd=01;31:*.jpg=01;35:*.jpeg=01;35:*.mjpg=01;35:*.mjpeg=01;35:*.gif=01;35:*.bmp=01;35:*.pbm=01;35:*.pgm=01;35:*.ppm=01;35:*.tga=01;35:*.xbm=01;35:*.xpm=01;35:*.tif=01;35:*.tiff=01;35:*.png=01;35:*.svg=01;35:*.svgz=01;35:*.mng=01;35:*.pcx=01;35:*.mov=01;35:*.mpg=01;35:*.mpeg=01;35:*.m2v=01;35:*.mkv=01;35:*.webm=01;35:*.ogm=01;35:*.mp4=01;35:*.m4v=01;35:*.mp4v=01;35:*.vob=01;35:*.qt=01;35:*.nuv=01;35:*.wmv=01;35:*.asf=01;35:*.rm=01;35:*.rmvb=01;35:*.flc=01;35:*.avi=01;35:*.fli=01;35:*.flv=01;35:*.gl=01;35:*.dl=01;35:*.xcf=01;35:*.xwd=01;35:*.yuv=01;35:*.cgm=01;35:*.emf=01;35:*.ogv=01;35:*.ogx=01;35:*.aac=00;36:*.au=00;36:*.flac=00;36:*.m4a=00;36:*.mid=00;36:*.midi=00;36:*.mka=00;36:*.mp3=00;36:*.mpc=00;36:*.ogg=00;36:*.ra=00;36:*.wav=00;36:*.oga=00;36:*.opus=00;36:*.spx=00;36:*.xspf=00;36:'), ('GNOME_TERMINAL_SERVICE', ':1.315'), ('SSH_AUTH_SOCK', '/run/user/1000/keyring/ssh'), ('AMENT_PREFIX_PATH', '/home/bizare/Desktop/Robotics_System/install/youbot_description:/opt/ros/foxy'), ('SHELL', '/bin/bash'), ('LC_NAME', 'zh_CN.UTF-8'), ('QT_ACCESSIBILITY', '1'), ('GDMSESSION', 'ubuntu'), ('LESSCLOSE', '/usr/bin/lesspipe %s %s'), ('LC_MEASUREMENT', 'zh_CN.UTF-8'), ('GPG_AGENT_INFO', '/run/user/1000/gnupg/S.gpg-agent:0:1'), ('LC_IDENTIFICATION', 'zh_CN.UTF-8'), ('QT_IM_MODULE', 'ibus'), ('PWD', '/home/bizare/Desktop/Robotics_System/build/youbot_simulator'), ('XDG_CONFIG_DIRS', '/etc/xdg/xdg-ubuntu:/etc/xdg'), ('DBUS_STARTER_ADDRESS', 'unix:path=/run/user/1000/bus,guid=1cfdb6d9ed829f8d50c1f859691745b5'), ('XDG_DATA_DIRS', '/usr/share/ubuntu:/usr/local/share/:/usr/share/:/var/lib/snapd/desktop'), ('PYTHONPATH', '/opt/ros/foxy/lib/python3.8/site-packages'), ('LC_NUMERIC', 'zh_CN.UTF-8'), ('LC_PAPER', 'zh_CN.UTF-8'), ('COLCON', '1'), ('VTE_VERSION', '6003'), ('CMAKE_PREFIX_PATH', '/opt/ros/foxy:/home/bizare/Desktop/Robotics_System/install/youbot_description')]), 'shell': False}
[0.639383] (youbot_simulator) StdoutLine: {'line': b'-- Install configuration: ""\n'}
[0.639758] (youbot_simulator) StdoutLine: {'line': b'-- Up-to-date: /home/bizare/Desktop/Robotics_System/install/youbot_simulator/share/youbot_simulator/launch\n'}
[0.639879] (youbot_simulator) StdoutLine: {'line': b'-- Up-to-date: /home/bizare/Desktop/Robotics_System/install/youbot_simulator/share/youbot_simulator/launch/youbot_controller.launch.py\n'}
[0.640019] (youbot_simulator) StdoutLine: {'line': b'-- Up-to-date: /home/bizare/Desktop/Robotics_System/install/youbot_simulator/share/youbot_simulator/launch/youbot_sim.launch.py\n'}
[0.640117] (youbot_simulator) StdoutLine: {'line': b'-- Up-to-date: /home/bizare/Desktop/Robotics_System/install/youbot_simulator/share/youbot_simulator/config\n'}
[0.640861] (youbot_simulator) StdoutLine: {'line': b'-- Up-to-date: /home/bizare/Desktop/Robotics_System/install/youbot_simulator/share/youbot_simulator/config/youbot.rviz\n'}
[0.641104] (youbot_simulator) StdoutLine: {'line': b'-- Up-to-date: /home/bizare/Desktop/Robotics_System/install/youbot_simulator/share/youbot_simulator/config/youbot_control.yaml\n'}
[0.642089] (youbot_simulator) StdoutLine: {'line': b'-- Up-to-date: /home/bizare/Desktop/Robotics_System/install/youbot_simulator/share/ament_index/resource_index/package_run_dependencies/youbot_simulator\n'}
[0.642267] (youbot_simulator) StdoutLine: {'line': b'-- Installing: /home/bizare/Desktop/Robotics_System/install/youbot_simulator/share/ament_index/resource_index/parent_prefix_path/youbot_simulator\n'}
[0.642515] (youbot_simulator) StdoutLine: {'line': b'-- Up-to-date: /home/bizare/Desktop/Robotics_System/install/youbot_simulator/share/youbot_simulator/environment/ament_prefix_path.sh\n'}
[0.642618] (youbot_simulator) StdoutLine: {'line': b'-- Up-to-date: /home/bizare/Desktop/Robotics_System/install/youbot_simulator/share/youbot_simulator/environment/ament_prefix_path.dsv\n'}
[0.643009] (youbot_simulator) StdoutLine: {'line': b'-- Up-to-date: /home/bizare/Desktop/Robotics_System/install/youbot_simulator/share/youbot_simulator/environment/path.sh\n'}
[0.643489] (youbot_simulator) StdoutLine: {'line': b'-- Up-to-date: /home/bizare/Desktop/Robotics_System/install/youbot_simulator/share/youbot_simulator/environment/path.dsv\n'}
[0.643744] (youbot_simulator) StdoutLine: {'line': b'-- Up-to-date: /home/bizare/Desktop/Robotics_System/install/youbot_simulator/share/youbot_simulator/local_setup.bash\n'}
[0.644054] (youbot_simulator) StdoutLine: {'line': b'-- Up-to-date: /home/bizare/Desktop/Robotics_System/install/youbot_simulator/share/youbot_simulator/local_setup.sh\n'}
[0.644452] (youbot_simulator) StdoutLine: {'line': b'-- Up-to-date: /home/bizare/Desktop/Robotics_System/install/youbot_simulator/share/youbot_simulator/local_setup.zsh\n'}
[0.644777] (youbot_simulator) StdoutLine: {'line': b'-- Up-to-date: /home/bizare/Desktop/Robotics_System/install/youbot_simulator/share/youbot_simulator/local_setup.dsv\n'}
[0.644940] (youbot_simulator) StdoutLine: {'line': b'-- Installing: /home/bizare/Desktop/Robotics_System/install/youbot_simulator/share/youbot_simulator/package.dsv\n'}
[0.645092] (youbot_simulator) StdoutLine: {'line': b'-- Up-to-date: /home/bizare/Desktop/Robotics_System/install/youbot_simulator/share/ament_index/resource_index/packages/youbot_simulator\n'}
[0.646240] (youbot_simulator) StdoutLine: {'line': b'-- Up-to-date: /home/bizare/Desktop/Robotics_System/install/youbot_simulator/share/youbot_simulator/cmake/youbot_simulatorConfig.cmake\n'}
[0.646389] (youbot_simulator) StdoutLine: {'line': b'-- Up-to-date: /home/bizare/Desktop/Robotics_System/install/youbot_simulator/share/youbot_simulator/cmake/youbot_simulatorConfig-version.cmake\n'}
[0.646536] (youbot_simulator) StdoutLine: {'line': b'-- Up-to-date: /home/bizare/Desktop/Robotics_System/install/youbot_simulator/share/youbot_simulator/package.xml\n'}
[0.646730] (youbot_simulator) CommandEnded: {'returncode': 0}
[0.661688] (youbot_simulator) JobEnded: {'identifier': 'youbot_simulator', 'rc': 0}
[0.663006] (cw1q5) JobStarted: {'identifier': 'cw1q5'}
[0.703801] (-) TimerEvent: {}
[0.804411] (-) TimerEvent: {}
[0.880529] (cw1q4) Command: {'cmd': ['/usr/bin/python3', '-W', 'ignore:setup.py install is deprecated', '-W', 'ignore:easy_install command is deprecated', 'setup.py', 'egg_info', '--egg-base', '../build/cw1q4', 'build', '--build-base', '/home/bizare/Desktop/Robotics_System/build/cw1q4/build', 'install', '--record', '/home/bizare/Desktop/Robotics_System/build/cw1q4/install.log', '--install-scripts', '$base/lib/cw1q4', '--single-version-externally-managed', 'install_data'], 'cwd': '/home/bizare/Desktop/Robotics_System/cw1q4', 'env': {'LESSOPEN': '| /usr/bin/lesspipe %s', 'LANGUAGE': 'zh_CN:en', 'USER': 'bizare', 'LC_TIME': 'zh_CN.UTF-8', 'SSH_AGENT_PID': '1851', 'XDG_SESSION_TYPE': 'x11', 'SHLVL': '1', 'LD_LIBRARY_PATH': '/usr/lib/x86_64-linux-gnu/gazebo-11/plugins:/opt/ros/foxy/opt/yaml_cpp_vendor/lib:/opt/ros/foxy/opt/rviz_ogre_vendor/lib:/opt/ros/foxy/lib/x86_64-linux-gnu:/opt/ros/foxy/lib', 'HOME': '/home/bizare', 'DESKTOP_SESSION': 'ubuntu', 'ROS_PYTHON_VERSION': '3', 'GNOME_SHELL_SESSION_MODE': 'ubuntu', 'GTK_MODULES': 'gail:atk-bridge', 'LC_MONETARY': 'zh_CN.UTF-8', 'MANAGERPID': '1677', 'DBUS_STARTER_BUS_TYPE': 'session', 'DBUS_SESSION_BUS_ADDRESS': 'unix:path=/run/user/1000/bus,guid=1cfdb6d9ed829f8d50c1f859691745b5', 'COLORTERM': 'truecolor', 'MANDATORY_PATH': '/usr/share/gconf/ubuntu.mandatory.path', 'IM_CONFIG_PHASE': '1', 'ROS_DISTRO': 'foxy', 'LOGNAME': 'bizare', 'JOURNAL_STREAM': '8:54213', '_': '/usr/bin/colcon', 'ROS_VERSION': '2', 'XDG_SESSION_CLASS': 'user', 'DEFAULTS_PATH': '/usr/share/gconf/ubuntu.default.path', 'USERNAME': 'bizare', 'TERM': 'xterm-256color', 'GNOME_DESKTOP_SESSION_ID': 'this-is-deprecated', 'ROS_LOCALHOST_ONLY': '0', 'WINDOWPATH': '2', 'PATH': '/opt/ros/foxy/bin:/usr/local/sbin:/usr/local/bin:/usr/sbin:/usr/bin:/sbin:/bin:/usr/games:/usr/local/games:/snap/bin', 'SESSION_MANAGER': 'local/ubuntu:@/tmp/.ICE-unix/1886,unix/ubuntu:/tmp/.ICE-unix/1886', 'INVOCATION_ID': 'ccc7bdd77c704ecea5cf7918d7b741e6', 'PAPERSIZE': 'a4', 'XDG_MENU_PREFIX': 'gnome-', 'LC_ADDRESS': 'zh_CN.UTF-8', 'GNOME_TERMINAL_SCREEN': '/org/gnome/Terminal/screen/56b37eec_e7f9_4fd5_bf6b_5e31667dec85', 'XDG_RUNTIME_DIR': '/run/user/1000', 'DISPLAY': ':0', 'LANG': 'zh_CN.UTF-8', 'XDG_CURRENT_DESKTOP': 'ubuntu:GNOME', 'LC_TELEPHONE': 'zh_CN.UTF-8', 'XMODIFIERS': '@im=ibus', 'XDG_SESSION_DESKTOP': 'ubuntu', 'XAUTHORITY': '/run/user/1000/gdm/Xauthority', 'LS_COLORS': 'rs=0:di=01;34:ln=01;36:mh=00:pi=40;33:so=01;35:do=01;35:bd=40;33;01:cd=40;33;01:or=40;31;01:mi=00:su=37;41:sg=30;43:ca=30;41:tw=30;42:ow=34;42:st=37;44:ex=01;32:*.tar=01;31:*.tgz=01;31:*.arc=01;31:*.arj=01;31:*.taz=01;31:*.lha=01;31:*.lz4=01;31:*.lzh=01;31:*.lzma=01;31:*.tlz=01;31:*.txz=01;31:*.tzo=01;31:*.t7z=01;31:*.zip=01;31:*.z=01;31:*.dz=01;31:*.gz=01;31:*.lrz=01;31:*.lz=01;31:*.lzo=01;31:*.xz=01;31:*.zst=01;31:*.tzst=01;31:*.bz2=01;31:*.bz=01;31:*.tbz=01;31:*.tbz2=01;31:*.tz=01;31:*.deb=01;31:*.rpm=01;31:*.jar=01;31:*.war=01;31:*.ear=01;31:*.sar=01;31:*.rar=01;31:*.alz=01;31:*.ace=01;31:*.zoo=01;31:*.cpio=01;31:*.7z=01;31:*.rz=01;31:*.cab=01;31:*.wim=01;31:*.swm=01;31:*.dwm=01;31:*.esd=01;31:*.jpg=01;35:*.jpeg=01;35:*.mjpg=01;35:*.mjpeg=01;35:*.gif=01;35:*.bmp=01;35:*.pbm=01;35:*.pgm=01;35:*.ppm=01;35:*.tga=01;35:*.xbm=01;35:*.xpm=01;35:*.tif=01;35:*.tiff=01;35:*.png=01;35:*.svg=01;35:*.svgz=01;35:*.mng=01;35:*.pcx=01;35:*.mov=01;35:*.mpg=01;35:*.mpeg=01;35:*.m2v=01;35:*.mkv=01;35:*.webm=01;35:*.ogm=01;35:*.mp4=01;35:*.m4v=01;35:*.mp4v=01;35:*.vob=01;35:*.qt=01;35:*.nuv=01;35:*.wmv=01;35:*.asf=01;35:*.rm=01;35:*.rmvb=01;35:*.flc=01;35:*.avi=01;35:*.fli=01;35:*.flv=01;35:*.gl=01;35:*.dl=01;35:*.xcf=01;35:*.xwd=01;35:*.yuv=01;35:*.cgm=01;35:*.emf=01;35:*.ogv=01;35:*.ogx=01;35:*.aac=00;36:*.au=00;36:*.flac=00;36:*.m4a=00;36:*.mid=00;36:*.midi=00;36:*.mka=00;36:*.mp3=00;36:*.mpc=00;36:*.ogg=00;36:*.ra=00;36:*.wav=00;36:*.oga=00;36:*.opus=00;36:*.spx=00;36:*.xspf=00;36:', 'GNOME_TERMINAL_SERVICE': ':1.315', 'SSH_AUTH_SOCK': '/run/user/1000/keyring/ssh', 'AMENT_PREFIX_PATH': '/opt/ros/foxy', 'SHELL': '/bin/bash', 'LC_NAME': 'zh_CN.UTF-8', 'QT_ACCESSIBILITY': '1', 'GDMSESSION': 'ubuntu', 'LESSCLOSE': '/usr/bin/lesspipe %s %s', 'LC_MEASUREMENT': 'zh_CN.UTF-8', 'GPG_AGENT_INFO': '/run/user/1000/gnupg/S.gpg-agent:0:1', 'LC_IDENTIFICATION': 'zh_CN.UTF-8', 'QT_IM_MODULE': 'ibus', 'PWD': '/home/bizare/Desktop/Robotics_System/build/cw1q4', 'XDG_CONFIG_DIRS': '/etc/xdg/xdg-ubuntu:/etc/xdg', 'DBUS_STARTER_ADDRESS': 'unix:path=/run/user/1000/bus,guid=1cfdb6d9ed829f8d50c1f859691745b5', 'XDG_DATA_DIRS': '/usr/share/ubuntu:/usr/local/share/:/usr/share/:/var/lib/snapd/desktop', 'PYTHONPATH': '/home/bizare/Desktop/Robotics_System/build/cw1q4/prefix_override:/usr/lib/python3/dist-packages/colcon_core/task/python/colcon_distutils_commands:/home/bizare/Desktop/Robotics_System/install/cw1q4/lib/python3.8/site-packages:/opt/ros/foxy/lib/python3.8/site-packages', 'LC_NUMERIC': 'zh_CN.UTF-8', 'LC_PAPER': 'zh_CN.UTF-8', 'COLCON': '1', 'VTE_VERSION': '6003'}, 'shell': False}
[0.888422] (cw1q9) Command: {'cmd': ['/usr/bin/python3', '-W', 'ignore:setup.py install is deprecated', '-W', 'ignore:easy_install command is deprecated', 'setup.py', 'egg_info', '--egg-base', '../build/cw1q9', 'build', '--build-base', '/home/bizare/Desktop/Robotics_System/build/cw1q9/build', 'install', '--record', '/home/bizare/Desktop/Robotics_System/build/cw1q9/install.log', '--install-scripts', '$base/lib/cw1q9', '--single-version-externally-managed', 'install_data'], 'cwd': '/home/bizare/Desktop/Robotics_System/cw1q9', 'env': {'LESSOPEN': '| /usr/bin/lesspipe %s', 'LANGUAGE': 'zh_CN:en', 'USER': 'bizare', 'LC_TIME': 'zh_CN.UTF-8', 'SSH_AGENT_PID': '1851', 'XDG_SESSION_TYPE': 'x11', 'SHLVL': '1', 'LD_LIBRARY_PATH': '/usr/lib/x86_64-linux-gnu/gazebo-11/plugins:/opt/ros/foxy/opt/yaml_cpp_vendor/lib:/opt/ros/foxy/opt/rviz_ogre_vendor/lib:/opt/ros/foxy/lib/x86_64-linux-gnu:/opt/ros/foxy/lib', 'HOME': '/home/bizare', 'DESKTOP_SESSION': 'ubuntu', 'ROS_PYTHON_VERSION': '3', 'GNOME_SHELL_SESSION_MODE': 'ubuntu', 'GTK_MODULES': 'gail:atk-bridge', 'LC_MONETARY': 'zh_CN.UTF-8', 'MANAGERPID': '1677', 'DBUS_STARTER_BUS_TYPE': 'session', 'DBUS_SESSION_BUS_ADDRESS': 'unix:path=/run/user/1000/bus,guid=1cfdb6d9ed829f8d50c1f859691745b5', 'COLORTERM': 'truecolor', 'MANDATORY_PATH': '/usr/share/gconf/ubuntu.mandatory.path', 'IM_CONFIG_PHASE': '1', 'ROS_DISTRO': 'foxy', 'LOGNAME': 'bizare', 'JOURNAL_STREAM': '8:54213', '_': '/usr/bin/colcon', 'ROS_VERSION': '2', 'XDG_SESSION_CLASS': 'user', 'DEFAULTS_PATH': '/usr/share/gconf/ubuntu.default.path', 'USERNAME': 'bizare', 'TERM': 'xterm-256color', 'GNOME_DESKTOP_SESSION_ID': 'this-is-deprecated', 'ROS_LOCALHOST_ONLY': '0', 'WINDOWPATH': '2', 'PATH': '/opt/ros/foxy/bin:/usr/local/sbin:/usr/local/bin:/usr/sbin:/usr/bin:/sbin:/bin:/usr/games:/usr/local/games:/snap/bin', 'SESSION_MANAGER': 'local/ubuntu:@/tmp/.ICE-unix/1886,unix/ubuntu:/tmp/.ICE-unix/1886', 'INVOCATION_ID': 'ccc7bdd77c704ecea5cf7918d7b741e6', 'PAPERSIZE': 'a4', 'XDG_MENU_PREFIX': 'gnome-', 'LC_ADDRESS': 'zh_CN.UTF-8', 'GNOME_TERMINAL_SCREEN': '/org/gnome/Terminal/screen/56b37eec_e7f9_4fd5_bf6b_5e31667dec85', 'XDG_RUNTIME_DIR': '/run/user/1000', 'DISPLAY': ':0', 'LANG': 'zh_CN.UTF-8', 'XDG_CURRENT_DESKTOP': 'ubuntu:GNOME', 'LC_TELEPHONE': 'zh_CN.UTF-8', 'XMODIFIERS': '@im=ibus', 'XDG_SESSION_DESKTOP': 'ubuntu', 'XAUTHORITY': '/run/user/1000/gdm/Xauthority', 'LS_COLORS': 'rs=0:di=01;34:ln=01;36:mh=00:pi=40;33:so=01;35:do=01;35:bd=40;33;01:cd=40;33;01:or=40;31;01:mi=00:su=37;41:sg=30;43:ca=30;41:tw=30;42:ow=34;42:st=37;44:ex=01;32:*.tar=01;31:*.tgz=01;31:*.arc=01;31:*.arj=01;31:*.taz=01;31:*.lha=01;31:*.lz4=01;31:*.lzh=01;31:*.lzma=01;31:*.tlz=01;31:*.txz=01;31:*.tzo=01;31:*.t7z=01;31:*.zip=01;31:*.z=01;31:*.dz=01;31:*.gz=01;31:*.lrz=01;31:*.lz=01;31:*.lzo=01;31:*.xz=01;31:*.zst=01;31:*.tzst=01;31:*.bz2=01;31:*.bz=01;31:*.tbz=01;31:*.tbz2=01;31:*.tz=01;31:*.deb=01;31:*.rpm=01;31:*.jar=01;31:*.war=01;31:*.ear=01;31:*.sar=01;31:*.rar=01;31:*.alz=01;31:*.ace=01;31:*.zoo=01;31:*.cpio=01;31:*.7z=01;31:*.rz=01;31:*.cab=01;31:*.wim=01;31:*.swm=01;31:*.dwm=01;31:*.esd=01;31:*.jpg=01;35:*.jpeg=01;35:*.mjpg=01;35:*.mjpeg=01;35:*.gif=01;35:*.bmp=01;35:*.pbm=01;35:*.pgm=01;35:*.ppm=01;35:*.tga=01;35:*.xbm=01;35:*.xpm=01;35:*.tif=01;35:*.tiff=01;35:*.png=01;35:*.svg=01;35:*.svgz=01;35:*.mng=01;35:*.pcx=01;35:*.mov=01;35:*.mpg=01;35:*.mpeg=01;35:*.m2v=01;35:*.mkv=01;35:*.webm=01;35:*.ogm=01;35:*.mp4=01;35:*.m4v=01;35:*.mp4v=01;35:*.vob=01;35:*.qt=01;35:*.nuv=01;35:*.wmv=01;35:*.asf=01;35:*.rm=01;35:*.rmvb=01;35:*.flc=01;35:*.avi=01;35:*.fli=01;35:*.flv=01;35:*.gl=01;35:*.dl=01;35:*.xcf=01;35:*.xwd=01;35:*.yuv=01;35:*.cgm=01;35:*.emf=01;35:*.ogv=01;35:*.ogx=01;35:*.aac=00;36:*.au=00;36:*.flac=00;36:*.m4a=00;36:*.mid=00;36:*.midi=00;36:*.mka=00;36:*.mp3=00;36:*.mpc=00;36:*.ogg=00;36:*.ra=00;36:*.wav=00;36:*.oga=00;36:*.opus=00;36:*.spx=00;36:*.xspf=00;36:', 'GNOME_TERMINAL_SERVICE': ':1.315', 'SSH_AUTH_SOCK': '/run/user/1000/keyring/ssh', 'AMENT_PREFIX_PATH': '/opt/ros/foxy', 'SHELL': '/bin/bash', 'LC_NAME': 'zh_CN.UTF-8', 'QT_ACCESSIBILITY': '1', 'GDMSESSION': 'ubuntu', 'LESSCLOSE': '/usr/bin/lesspipe %s %s', 'LC_MEASUREMENT': 'zh_CN.UTF-8', 'GPG_AGENT_INFO': '/run/user/1000/gnupg/S.gpg-agent:0:1', 'LC_IDENTIFICATION': 'zh_CN.UTF-8', 'QT_IM_MODULE': 'ibus', 'PWD': '/home/bizare/Desktop/Robotics_System/build/cw1q9', 'XDG_CONFIG_DIRS': '/etc/xdg/xdg-ubuntu:/etc/xdg', 'DBUS_STARTER_ADDRESS': 'unix:path=/run/user/1000/bus,guid=1cfdb6d9ed829f8d50c1f859691745b5', 'XDG_DATA_DIRS': '/usr/share/ubuntu:/usr/local/share/:/usr/share/:/var/lib/snapd/desktop', 'PYTHONPATH': '/home/bizare/Desktop/Robotics_System/build/cw1q9/prefix_override:/usr/lib/python3/dist-packages/colcon_core/task/python/colcon_distutils_commands:/home/bizare/Desktop/Robotics_System/install/cw1q9/lib/python3.8/site-packages:/opt/ros/foxy/lib/python3.8/site-packages', 'LC_NUMERIC': 'zh_CN.UTF-8', 'LC_PAPER': 'zh_CN.UTF-8', 'COLCON': '1', 'VTE_VERSION': '6003'}, 'shell': False}
[0.904983] (-) TimerEvent: {}
[1.005872] (-) TimerEvent: {}
[1.064564] (cw1q4) StdoutLine: {'line': b'running egg_info\n'}
[1.065434] (cw1q4) StdoutLine: {'line': b'writing ../build/cw1q4/cw1q4.egg-info/PKG-INFO\n'}
[1.066028] (cw1q4) StdoutLine: {'line': b'writing dependency_links to ../build/cw1q4/cw1q4.egg-info/dependency_links.txt\n'}
[1.066895] (cw1q4) StdoutLine: {'line': b'writing entry points to ../build/cw1q4/cw1q4.egg-info/entry_points.txt\n'}
[1.066976] (cw1q4) StdoutLine: {'line': b'writing requirements to ../build/cw1q4/cw1q4.egg-info/requires.txt\n'}
[1.067034] (cw1q4) StdoutLine: {'line': b'writing top-level names to ../build/cw1q4/cw1q4.egg-info/top_level.txt\n'}
[1.077018] (cw1q9) StdoutLine: {'line': b'running egg_info\n'}
[1.077616] (cw1q9) StdoutLine: {'line': b'writing ../build/cw1q9/cw1q9.egg-info/PKG-INFO\n'}
[1.078328] (cw1q9) StdoutLine: {'line': b'writing dependency_links to ../build/cw1q9/cw1q9.egg-info/dependency_links.txt\n'}
[1.079143] (cw1q9) StdoutLine: {'line': b'writing entry points to ../build/cw1q9/cw1q9.egg-info/entry_points.txt\n'}
[1.079481] (cw1q9) StdoutLine: {'line': b'writing requirements to ../build/cw1q9/cw1q9.egg-info/requires.txt\n'}
[1.079800] (cw1q9) StdoutLine: {'line': b'writing top-level names to ../build/cw1q9/cw1q9.egg-info/top_level.txt\n'}
[1.097989] (cw1q4) StdoutLine: {'line': b"reading manifest file '../build/cw1q4/cw1q4.egg-info/SOURCES.txt'\n"}
[1.098749] (cw1q4) StdoutLine: {'line': b"writing manifest file '../build/cw1q4/cw1q4.egg-info/SOURCES.txt'\n"}
[1.099378] (cw1q4) StdoutLine: {'line': b'running build\n'}
[1.099703] (cw1q4) StdoutLine: {'line': b'running build_py\n'}
[1.100084] (cw1q4) StdoutLine: {'line': b'running install\n'}
[1.100384] (cw1q4) StdoutLine: {'line': b'running install_lib\n'}
[1.101093] (cw1q4) StdoutLine: {'line': b'running install_data\n'}
[1.101821] (cw1q4) StdoutLine: {'line': b'running install_egg_info\n'}
[1.102883] (cw1q4) StdoutLine: {'line': b"removing '/home/bizare/Desktop/Robotics_System/install/cw1q4/lib/python3.8/site-packages/cw1q4-0.0.0-py3.8.egg-info' (and everything under it)\n"}
[1.103617] (cw1q4) StdoutLine: {'line': b'Copying ../build/cw1q4/cw1q4.egg-info to /home/bizare/Desktop/Robotics_System/install/cw1q4/lib/python3.8/site-packages/cw1q4-0.0.0-py3.8.egg-info\n'}
[1.104145] (cw1q4) StdoutLine: {'line': b'running install_scripts\n'}
[1.105984] (-) TimerEvent: {}
[1.118389] (cw1q9) StdoutLine: {'line': b"reading manifest file '../build/cw1q9/cw1q9.egg-info/SOURCES.txt'\n"}
[1.118964] (cw1q4) StdoutLine: {'line': b'Installing cw1q4_services script to /home/bizare/Desktop/Robotics_System/install/cw1q4/lib/cw1q4\n'}
[1.119554] (cw1q9) StdoutLine: {'line': b"writing manifest file '../build/cw1q9/cw1q9.egg-info/SOURCES.txt'\n"}
[1.119772] (cw1q9) StdoutLine: {'line': b'running build\n'}
[1.119914] (cw1q9) StdoutLine: {'line': b'running build_py\n'}
[1.119974] (cw1q4) StdoutLine: {'line': b"writing list of installed files to '/home/bizare/Desktop/Robotics_System/build/cw1q4/install.log'\n"}
[1.120290] (cw1q9) StdoutLine: {'line': b'running install\n'}
[1.121196] (cw1q9) StdoutLine: {'line': b'running install_lib\n'}
[1.122729] (cw1q9) StdoutLine: {'line': b'running install_data\n'}
[1.123047] (cw1q9) StdoutLine: {'line': b'running install_egg_info\n'}
[1.125060] (cw1q9) StdoutLine: {'line': b"removing '/home/bizare/Desktop/Robotics_System/install/cw1q9/lib/python3.8/site-packages/cw1q9-0.0.0-py3.8.egg-info' (and everything under it)\n"}
[1.125322] (cw1q9) StdoutLine: {'line': b'Copying ../build/cw1q9/cw1q9.egg-info to /home/bizare/Desktop/Robotics_System/install/cw1q9/lib/python3.8/site-packages/cw1q9-0.0.0-py3.8.egg-info\n'}
[1.126252] (cw1q9) StdoutLine: {'line': b'running install_scripts\n'}
[1.141516] (cw1q4) CommandEnded: {'returncode': 0}
[1.142276] (cw1q9) StdoutLine: {'line': b'Installing youbot_student_node script to /home/bizare/Desktop/Robotics_System/install/cw1q9/lib/cw1q9\n'}
[1.142661] (cw1q9) StdoutLine: {'line': b"writing list of installed files to '/home/bizare/Desktop/Robotics_System/build/cw1q9/install.log'\n"}
[1.149300] (cw1q4) JobEnded: {'identifier': 'cw1q4', 'rc': 0}
[1.159994] (cw1q9) CommandEnded: {'returncode': 0}
[1.166852] (cw1q9) JobEnded: {'identifier': 'cw1q9', 'rc': 0}
[1.206205] (-) TimerEvent: {}
[1.242214] (cw1q5) Command: {'cmd': ['/usr/bin/python3', '-W', 'ignore:setup.py install is deprecated', '-W', 'ignore:easy_install command is deprecated', 'setup.py', 'egg_info', '--egg-base', '../build/cw1q5', 'build', '--build-base', '/home/bizare/Desktop/Robotics_System/build/cw1q5/build', 'install', '--record', '/home/bizare/Desktop/Robotics_System/build/cw1q5/install.log', '--install-scripts', '$base/lib/cw1q5', '--single-version-externally-managed', 'install_data'], 'cwd': '/home/bizare/Desktop/Robotics_System/cw1q5', 'env': {'LESSOPEN': '| /usr/bin/lesspipe %s', 'LANGUAGE': 'zh_CN:en', 'USER': 'bizare', 'LC_TIME': 'zh_CN.UTF-8', 'SSH_AGENT_PID': '1851', 'XDG_SESSION_TYPE': 'x11', 'SHLVL': '1', 'LD_LIBRARY_PATH': '/usr/lib/x86_64-linux-gnu/gazebo-11/plugins:/opt/ros/foxy/opt/yaml_cpp_vendor/lib:/opt/ros/foxy/opt/rviz_ogre_vendor/lib:/opt/ros/foxy/lib/x86_64-linux-gnu:/opt/ros/foxy/lib', 'HOME': '/home/bizare', 'DESKTOP_SESSION': 'ubuntu', 'ROS_PYTHON_VERSION': '3', 'GNOME_SHELL_SESSION_MODE': 'ubuntu', 'GTK_MODULES': 'gail:atk-bridge', 'LC_MONETARY': 'zh_CN.UTF-8', 'MANAGERPID': '1677', 'DBUS_STARTER_BUS_TYPE': 'session', 'DBUS_SESSION_BUS_ADDRESS': 'unix:path=/run/user/1000/bus,guid=1cfdb6d9ed829f8d50c1f859691745b5', 'COLORTERM': 'truecolor', 'MANDATORY_PATH': '/usr/share/gconf/ubuntu.mandatory.path', 'IM_CONFIG_PHASE': '1', 'ROS_DISTRO': 'foxy', 'LOGNAME': 'bizare', 'JOURNAL_STREAM': '8:54213', '_': '/usr/bin/colcon', 'ROS_VERSION': '2', 'XDG_SESSION_CLASS': 'user', 'DEFAULTS_PATH': '/usr/share/gconf/ubuntu.default.path', 'USERNAME': 'bizare', 'TERM': 'xterm-256color', 'GNOME_DESKTOP_SESSION_ID': 'this-is-deprecated', 'ROS_LOCALHOST_ONLY': '0', 'WINDOWPATH': '2', 'PATH': '/opt/ros/foxy/bin:/usr/local/sbin:/usr/local/bin:/usr/sbin:/usr/bin:/sbin:/bin:/usr/games:/usr/local/games:/snap/bin', 'SESSION_MANAGER': 'local/ubuntu:@/tmp/.ICE-unix/1886,unix/ubuntu:/tmp/.ICE-unix/1886', 'INVOCATION_ID': 'ccc7bdd77c704ecea5cf7918d7b741e6', 'PAPERSIZE': 'a4', 'XDG_MENU_PREFIX': 'gnome-', 'LC_ADDRESS': 'zh_CN.UTF-8', 'GNOME_TERMINAL_SCREEN': '/org/gnome/Terminal/screen/56b37eec_e7f9_4fd5_bf6b_5e31667dec85', 'XDG_RUNTIME_DIR': '/run/user/1000', 'DISPLAY': ':0', 'LANG': 'zh_CN.UTF-8', 'XDG_CURRENT_DESKTOP': 'ubuntu:GNOME', 'LC_TELEPHONE': 'zh_CN.UTF-8', 'XMODIFIERS': '@im=ibus', 'XDG_SESSION_DESKTOP': 'ubuntu', 'XAUTHORITY': '/run/user/1000/gdm/Xauthority', 'LS_COLORS': 'rs=0:di=01;34:ln=01;36:mh=00:pi=40;33:so=01;35:do=01;35:bd=40;33;01:cd=40;33;01:or=40;31;01:mi=00:su=37;41:sg=30;43:ca=30;41:tw=30;42:ow=34;42:st=37;44:ex=01;32:*.tar=01;31:*.tgz=01;31:*.arc=01;31:*.arj=01;31:*.taz=01;31:*.lha=01;31:*.lz4=01;31:*.lzh=01;31:*.lzma=01;31:*.tlz=01;31:*.txz=01;31:*.tzo=01;31:*.t7z=01;31:*.zip=01;31:*.z=01;31:*.dz=01;31:*.gz=01;31:*.lrz=01;31:*.lz=01;31:*.lzo=01;31:*.xz=01;31:*.zst=01;31:*.tzst=01;31:*.bz2=01;31:*.bz=01;31:*.tbz=01;31:*.tbz2=01;31:*.tz=01;31:*.deb=01;31:*.rpm=01;31:*.jar=01;31:*.war=01;31:*.ear=01;31:*.sar=01;31:*.rar=01;31:*.alz=01;31:*.ace=01;31:*.zoo=01;31:*.cpio=01;31:*.7z=01;31:*.rz=01;31:*.cab=01;31:*.wim=01;31:*.swm=01;31:*.dwm=01;31:*.esd=01;31:*.jpg=01;35:*.jpeg=01;35:*.mjpg=01;35:*.mjpeg=01;35:*.gif=01;35:*.bmp=01;35:*.pbm=01;35:*.pgm=01;35:*.ppm=01;35:*.tga=01;35:*.xbm=01;35:*.xpm=01;35:*.tif=01;35:*.tiff=01;35:*.png=01;35:*.svg=01;35:*.svgz=01;35:*.mng=01;35:*.pcx=01;35:*.mov=01;35:*.mpg=01;35:*.mpeg=01;35:*.m2v=01;35:*.mkv=01;35:*.webm=01;35:*.ogm=01;35:*.mp4=01;35:*.m4v=01;35:*.mp4v=01;35:*.vob=01;35:*.qt=01;35:*.nuv=01;35:*.wmv=01;35:*.asf=01;35:*.rm=01;35:*.rmvb=01;35:*.flc=01;35:*.avi=01;35:*.fli=01;35:*.flv=01;35:*.gl=01;35:*.dl=01;35:*.xcf=01;35:*.xwd=01;35:*.yuv=01;35:*.cgm=01;35:*.emf=01;35:*.ogv=01;35:*.ogx=01;35:*.aac=00;36:*.au=00;36:*.flac=00;36:*.m4a=00;36:*.mid=00;36:*.midi=00;36:*.mka=00;36:*.mp3=00;36:*.mpc=00;36:*.ogg=00;36:*.ra=00;36:*.wav=00;36:*.oga=00;36:*.opus=00;36:*.spx=00;36:*.xspf=00;36:', 'GNOME_TERMINAL_SERVICE': ':1.315', 'SSH_AUTH_SOCK': '/run/user/1000/keyring/ssh', 'AMENT_PREFIX_PATH': '/home/bizare/Desktop/Robotics_System/install/youbot_simulator:/home/bizare/Desktop/Robotics_System/install/youbot_description:/opt/ros/foxy', 'SHELL': '/bin/bash', 'LC_NAME': 'zh_CN.UTF-8', 'QT_ACCESSIBILITY': '1', 'GDMSESSION': 'ubuntu', 'LESSCLOSE': '/usr/bin/lesspipe %s %s', 'LC_MEASUREMENT': 'zh_CN.UTF-8', 'GPG_AGENT_INFO': '/run/user/1000/gnupg/S.gpg-agent:0:1', 'LC_IDENTIFICATION': 'zh_CN.UTF-8', 'QT_IM_MODULE': 'ibus', 'PWD': '/home/bizare/Desktop/Robotics_System/build/cw1q5', 'XDG_CONFIG_DIRS': '/etc/xdg/xdg-ubuntu:/etc/xdg', 'DBUS_STARTER_ADDRESS': 'unix:path=/run/user/1000/bus,guid=1cfdb6d9ed829f8d50c1f859691745b5', 'XDG_DATA_DIRS': '/usr/share/ubuntu:/usr/local/share/:/usr/share/:/var/lib/snapd/desktop', 'PYTHONPATH': '/home/bizare/Desktop/Robotics_System/build/cw1q5/prefix_override:/usr/lib/python3/dist-packages/colcon_core/task/python/colcon_distutils_commands:/home/bizare/Desktop/Robotics_System/install/cw1q5/lib/python3.8/site-packages:/opt/ros/foxy/lib/python3.8/site-packages', 'LC_NUMERIC': 'zh_CN.UTF-8', 'LC_PAPER': 'zh_CN.UTF-8', 'COLCON': '1', 'VTE_VERSION': '6003', 'CMAKE_PREFIX_PATH': '/home/bizare/Desktop/Robotics_System/install/youbot_simulator:/home/bizare/Desktop/Robotics_System/install/youbot_description'}, 'shell': False}
[1.306409] (-) TimerEvent: {}
[1.407154] (-) TimerEvent: {}
[1.413131] (cw1q5) StdoutLine: {'line': b'running egg_info\n'}
[1.413570] (cw1q5) StdoutLine: {'line': b'writing ../build/cw1q5/cw1q5.egg-info/PKG-INFO\n'}
[1.413944] (cw1q5) StdoutLine: {'line': b'writing dependency_links to ../build/cw1q5/cw1q5.egg-info/dependency_links.txt\n'}
[1.414383] (cw1q5) StdoutLine: {'line': b'writing entry points to ../build/cw1q5/cw1q5.egg-info/entry_points.txt\n'}
[1.414474] (cw1q5) StdoutLine: {'line': b'writing requirements to ../build/cw1q5/cw1q5.egg-info/requires.txt\n'}
[1.414656] (cw1q5) StdoutLine: {'line': b'writing top-level names to ../build/cw1q5/cw1q5.egg-info/top_level.txt\n'}
[1.442468] (cw1q5) StdoutLine: {'line': b"reading manifest file '../build/cw1q5/cw1q5.egg-info/SOURCES.txt'\n"}
[1.443138] (cw1q5) StdoutLine: {'line': b"writing manifest file '../build/cw1q5/cw1q5.egg-info/SOURCES.txt'\n"}
[1.443356] (cw1q5) StdoutLine: {'line': b'running build\n'}
[1.443432] (cw1q5) StdoutLine: {'line': b'running build_py\n'}
[1.443541] (cw1q5) StdoutLine: {'line': b'copying cw1q5/cw1q5b_node.py -> /home/bizare/Desktop/Robotics_System/build/cw1q5/build/lib/cw1q5\n'}
[1.443841] (cw1q5) StdoutLine: {'line': b'running install\n'}
[1.444520] (cw1q5) StdoutLine: {'line': b'running install_lib\n'}
[1.445345] (cw1q5) StdoutLine: {'line': b'copying /home/bizare/Desktop/Robotics_System/build/cw1q5/build/lib/cw1q5/cw1q5b_node.py -> /home/bizare/Desktop/Robotics_System/install/cw1q5/lib/python3.8/site-packages/cw1q5\n'}
[1.445808] (cw1q5) StdoutLine: {'line': b'byte-compiling /home/bizare/Desktop/Robotics_System/install/cw1q5/lib/python3.8/site-packages/cw1q5/cw1q5b_node.py to cw1q5b_node.cpython-38.pyc\n'}
[1.447768] (cw1q5) StdoutLine: {'line': b'running install_data\n'}
[1.447919] (cw1q5) StdoutLine: {'line': b'running install_egg_info\n'}
[1.449228] (cw1q5) StdoutLine: {'line': b"removing '/home/bizare/Desktop/Robotics_System/install/cw1q5/lib/python3.8/site-packages/cw1q5-0.0.0-py3.8.egg-info' (and everything under it)\n"}
[1.449526] (cw1q5) StdoutLine: {'line': b'Copying ../build/cw1q5/cw1q5.egg-info to /home/bizare/Desktop/Robotics_System/install/cw1q5/lib/python3.8/site-packages/cw1q5-0.0.0-py3.8.egg-info\n'}
[1.450166] (cw1q5) StdoutLine: {'line': b'running install_scripts\n'}
[1.463927] (cw1q5) StdoutLine: {'line': b'Installing cw1q5b_node script to /home/bizare/Desktop/Robotics_System/install/cw1q5/lib/cw1q5\n'}
[1.464165] (cw1q5) StdoutLine: {'line': b'Installing cw1q5d_node script to /home/bizare/Desktop/Robotics_System/install/cw1q5/lib/cw1q5\n'}
[1.464475] (cw1q5) StdoutLine: {'line': b"writing list of installed files to '/home/bizare/Desktop/Robotics_System/build/cw1q5/install.log'\n"}
[1.483267] (cw1q5) CommandEnded: {'returncode': 0}
[1.490833] (cw1q5) JobEnded: {'identifier': 'cw1q5', 'rc': 0}
[1.492342] (-) EventReactorShutdown: {}
